,商品名,商品説明,価格,URL,画像URL,出品者
0,MacBook pro 2020 13インチ 512/16GB,"こちらは2020年モデルのMacBook proです。

こちらは、
CPU：core i5 1.4GHz→core i5 2.0GHz 4コア
メモリ：DDR3 8GB→DDR4 16GB 
SSD：256GB→512GB
USB-Cポート数：2コ→4コ
保証：apple care＋

上記の通りハイスペックにカスタマイズされ、CPUもクアッドコアを搭載しているためヘビーな動画編集作業もサクサクこなしていただけます。

動画編集をするために購入しましたが
すぐに辞めてしまい、使用することがあまりなかったためです。

バッテリーに関してもまだまだ心配ございません！
※appleケア保証は'23/5にきれてしまっているため
購入後にもう一度Appleケア保証をするといいと思います！

⚠︎外観に関しましては多少の使用感と角に傷があります。使用する際に手が擦れた痕があります。ですが割れ等の動作に影響のあるものは無いのでご安心下さいませ。

こちらと当時appleケア＋を追加して20万以上しますので大分お安い設定かと思います。

質問・値引き交渉も多少でしたら歓迎致しますのでよろしくお願いします。

機種名：macbook  pro retina 2020 13インチ
サイズ ：13インチ
CPU ：quad core i5 2.0GHz
キーボード ：USキーボード（英語キーボード）
充放電回数：119回
メモリ ：16GB
SSD容量 ：512GB
カラー：スペースグレー（スペースグレイ）
付属品 ：apple純正充電器、純正充電ケーブル、説明書、appleステッカー、元箱（付属品完備)
⚠︎充電器のケーブルは使用済みの物になります

※他のアプリでも出品しているので、タイミングによっては売り切れている場合もございます。

             

画面サイズ···13～14.4インチ

CPU種類···Core i5","72,000",https://jp.mercari.com/item/m76473594376,https://static.mercdn.net/item/detail/orig/photos/m76473594376_1.jpg?1701061374,ようじ
1,【早い者勝ち‼️】MacBook Pro 13インチ 2019 Core i5,"MacBook Pro 13inch 2019 Core i5
メモリ 16GB　SSD 256GB

【Bluelounge パソコンスタンド付(3300円)】

3年前にApple公式サイトで購入いたしました。
たまに動画編集などで使用していたのみなので状態はとても良いです。　
※神経質な方はご遠慮ください

CPU種類...Core i5
OS...Mac OS
メモリ...16GB
SSD容量...256GB
画面サイズ...13インチ




ノートパソコン ノートPC マックブックプロ アップル デザイン 動画編集 副業","62,980",https://jp.mercari.com/item/m15023643946,https://static.mercdn.net/item/detail/orig/photos/m15023643946_1.jpg?1701009082,Lily❗️古着屋さん
2,MacBook Pro 13インチ corei5 16GB 256GB 2019,"【スペック】
● 機種名…macbook  pro retina 2019
● 色…スペースグレイ
● メモリー容量…16GB
● ストレージ容量…256GB SSD
● 画面サイズ…13インチ
● CPU種類…Intel Core i5
● OS…Mac OS
● 充放電回数…21回(発送前撮影時)
● キーボード(バックライトキーボード)
    ・JIS 配列
    ・Touch Bar 、Touch IDモデル

【内容物】
・MacBook Pro 本体
・純正の充電器(ケーブル付)
・ケース（写真参照）
・外箱

● 2019年10月に購入しましたが2022年3月に修理に出し、トラックパッド以外新品(内蔵バッテリーも含め)になりました。その後も保護ケース・キーボードカバーをつけて使用しておりましたので外観に関しましては目視で確認できる様な傷もなく美品かと思いますが、あくまで中古品なので、気になる方はお避けください。 
● Apple Care は期限が切れています。
● 2019年モデルはMacBook Pro での、最後の Intel 版モデルになります。
● 確認した限り動作に問題ありませんでしたが、動作に何か問題があった場合は、私では対応いたしかねますのでAppleに問い合わせるようお願い致します。

PC入れ替えのため出品いたします。

梱包前に簡単に清掃させていただきます。
気持ちの良い取引をよろしくお願いします。

 ","93,100",https://jp.mercari.com/item/m17145121826,https://static.mercdn.net/item/detail/orig/photos/m17145121826_1.jpg?1697262730,あーちゃん
3,APPLE MacBook Pro MACBOOK PRO,"APPLE MacBook Pro MACBOOK PRO

カラー: スペースグレイ
ディスプレイ: Retinaディスプレイ
プロセッサ: 2.3GHzクアッドコアIntel Core i5（Turbo Boost使用時最大3.8GHz）
ストレージ1: 256GB SSD
メモリ: 16GB 2,133MHz LPDDR3オンボードメモリ (オプションで変えています)
グラフィックス: Intel Iris Plus Graphics 655
充電: 新品に取り替えたためほぼ未使用に近い
キーボード: US
充電器: あり
画面サイズ: 13インチ

#Apple
#APPLE","56,800",https://jp.mercari.com/item/m20789581310,https://static.mercdn.net/item/detail/orig/photos/m20789581310_1.jpg?1699338640,Tomoki Komiya
4,MacBook Pro 2019 13インチ 16GB,"使わなくなったので出品します。
動作確認済みです。クリーニングと初期化し、すぐに使える状態で発送します。

ディスプレイにはNIMASOのフィルムが貼ってあります。必要ない場合は剥がしてください。

▫️商品詳細
商品名：MacBook Pro 2019
サイズ：13インチ
メモリ：16GB
容量：256GB
カラー：スペースグレイ
CPU：intel core5
キーボード：US

▫️内容
・MacBook本体
・充電アダプター
・Anker充電コード（新品）","55,250",https://jp.mercari.com/item/m35839175903,https://static.mercdn.net/item/detail/orig/photos/m35839175903_1.jpg?1699163084,つっきー
5,Macbook Pro 2020 MV962・992JA i5 16GBジャンク,"ご覧頂きありがとうございます！

商品は
「Macbook Pro 2020 MV962・992JA i5 16GB/256GB/KB-J/JPN ジャンク」
になります。

フリマサイトで前所有者から購入し半年ほど使用しました。
新しいパソコンを購入した為不要になり、売却しようと思い初期化する際にロックがかかってしまい解除することができなくなりジャンク品として出品致します。

初期化するまでは普通に使用できており、何も動作不良等の問題はありませんでした。

中古品かつジャンク扱いですので、クレーム等は一切受け付け致しませんのでご了承下さい。

修理目的・部品取り等ジャンク状態をご理解頂ける方の購入をお願い致します。

商品は
本体、充電器、箱がついております。
パソコン裏側に少々傷があります。
※写真ご確認ください。

不明点はご質問下さい！

配送はいつでも可能です(^^)







製品年式···2020
CPU種類···Core i5
OS···Mac OS
メモリ···16GB
SSD容量···256GB
m1チップになる前のMacBook pro
液晶保護フィルム貼り
Appleケアに加入無し
Touchbarモデル","30,000",https://jp.mercari.com/item/m83412276704,https://static.mercdn.net/item/detail/orig/photos/m83412276704_1.jpg?1693749589,JUNE
6,【2022年OS】Macbook Pro 13 メモリ16GB i5 充電器,"TP285
MC131

↓こちらから他の商品がご覧になれます
#にこさんパソコン

【メルカリPC顧客満足度No.1】
PCを1300台以上皆様の元へお届けし、100%の方から「良かった」の評価を頂いております。
メルカリでパソコンを買うことに不安を感じている方のお力になれればと思います(^^)

【このPCの特徴】
Macbook Pro A1278 13インチ
▪️2022年リリース
MacOS Monterey搭載
▪️メモリ8GB搭載
▪️intel core i5
▪️SSD搭載(HDDの10倍の読み込み速度)
▪️256GBストレージ
▪️【純正】バ ッテリ付属（充放電回数213）
▪️充電器付き

最新版のOSがある場合はアップグレードしてからお送りする場合がございます。

Microsoft office( オフィス )と互換性のあるoffice入りで word, excel, power point (ワード エクセル パワーポイント )と同じようにお使い頂けます。
文章作成、表計算、プレゼンの資料作成などが出来ます。

【格安の理由】
保管するスペースが無いので早く販売したいと考えております。
写真に写らない傷や汚れがあります。
他の方より安く出品しています。
即購入の方を優先いたしますm(_ _)m

早い者勝ちなのでどなたでもご購入ください","64,800",https://jp.mercari.com/item/m59989009998,https://static.mercdn.net/item/detail/orig/photos/m59989009998_1.jpg?1699863882,にこさん※即購入大歓迎
7,MacBook Pro Retina 2019 13インチ 美品,"※値下げは考えておりません。

<スペック>
機種名：MacBook  Pro Retinaディスプレイ 2019
サイズ ：13インチ
CPU ：クアッドコア Intel Core i5 2.4GHz
キーボード ：JISキーボード（日本語キーボード）
メモリ ：16GB
SSD容量 ：256GB
カラー：スペースグレー
付属品：Apple純正充電器、Apple純正充電ケーブル、元箱、説明書

2019年モデルのMacBook Proです。

外観に関しては目立った傷もなく美品といってよいかと思います。

充電回数は100回です。

丁寧に取り扱っていたので目立った傷もなく、届いてからすぐに気持ちよくご使用いただけます。

データを初期化し、梱包はプチプチに包んで発送致します。","66,000",https://jp.mercari.com/item/m66446092629,https://static.mercdn.net/item/detail/orig/photos/m66446092629_1.jpg?1699756060,そらかり
8,【2022年OS】Macbook Pro 13 メモリ16GB i5 純正充電器,"【このPCの特徴】
Macbook Pro A1278 13インチ
▪️2022年リリース
MacOS Monterey搭載
▪️メモリ16GB搭載
▪️intel core i5
▪️SSD搭載(HDDの10倍の読み込み速度)
▪️256GBストレージ
▪️【純正】バ ッテリ付属(充放電回数62)多少前後致します。
▪️【純正】充電器付き

最新版のOSがある場合はアップグレードしてからお送りする場合がございます。

Microsoft office( オフィス )と互換性のあるoffice入りで word, excel, power point (ワード エクセル パワーポイント )と同じようにお使い頂けます。
文章作成、表計算、プレゼンの資料作成などが出来ます。
また16GBなので動作が軽いです


【格安の理由】
自分には合わなかったため出品します。
写真に写らない傷や汚れがあります。
他の方より安く出品しています。
即購入の方を優先いたしますm(_ _)m

早い者勝ちなのでどなたでもご購入ください








画面サイズ···13～14.4インチ

CPU種類···Core i5

メモリ···16〜31GB

SSD容量···256～511GB","40,000",https://jp.mercari.com/item/m76513974357,https://static.mercdn.net/item/detail/orig/photos/m76513974357_1.jpg?1699515778,すずプロフィール必読@断捨離
9,MacBookPro2020/16GB/SSD512gb MOFTスタンド付き！,"Macminiに買い替えたため出品します。画像にあるハブもお付けします。箱ありです！

高負荷にも耐えられるので、M系MacBookが買えない方にオススメです。
友人が購入検討中なので、出品取り消しする可能性はあります。また、価格が上がる可能性もあります。

主に家庭でのプログラミングに使用していました。動作速度には全く問題なく。高速作業可能です。
デザインや動画編集も特に止まることなく使えていました。（FigmaやAffinity,Davinci resolveを使用）

外装に若干の傷がありますが、比較的綺麗だと思います。キーボードに液晶ディスプレイが付いているタイプなので、非常に便利です。指紋認証にも対応しています。

MOFT製品をつけているので、熱がこもりにくくなっています。
アダプターも付属しますので、届いたその日からお使いいただけます。


※注意点
初期化しての配送となります。
あくまで中古品としての認識がある方のみでお願いいたします。
すり替え防止のため返品は致しかねます。
普段は外部のマウスとキーボードを使用していましたが、Bluetooth機能は問題ありませんでした。
トラックパッドを押し込んだ際のカチッとしないことがありますが、操作・機能には問題ありません。個人的な意見としては、特に問題・違和感を感じることはありませんでした。
4日、5日購入の場合は、配送が月曜または火曜になる可能性がありますので、ご了承ください。

画面サイズ···13～14.4インチ

CPU種類···Core i5

OS···Mac OS

メモリ···16〜31GB

SSD容量···256～511GB","71,000",https://jp.mercari.com/item/m35823938512,https://static.mercdn.net/item/detail/orig/photos/m35823938512_1.jpg?1699747528,かっぺ
10,apple MacBook Pro 13 inch 2019 #auc270,"在庫もあるので是非見てください☆
☆iPhone・iPad・apple watch・MacBookをお探しの方はこちらから！
↓↓↓↓↓↓↓↓↓↓↓↓↓↓↓↓↓↓↓↓↓↓↓↓
#エアリーショップ出品一覧



基準Aランク

『iPhoneとの連携で出来る便利なこと！』
① シームレスやメールなどの連携
② FaceTimeとiMessageなど
③ AirDrop などの楽々ファイル共有
④ AirPlayなどのミラーリングなど
⑤ iCloud の同期と管理ですので自動でバックアップしたり写真の管理がとても楽です。
⑥iPhoneとのデザリング
などなど他にもいっぱいありますのでiPhoneユーザーにはとてもオススメです。

＊『mac初心者』の方サポート致します☆
＊『タッチバー搭載』のモデルとなっております。「タッチバー」あるとホント便利です。
＊メモリが16GBのモデルです。ストレージが256GB御座いますのでたくさんの思い出
残せます☆
＊傷の少なめなモデルです。
＊Mac OS Montereyインストール済みです。

ユーザーid user
パスワード　0000 に仮設定してあります。


◇状態/動作◇
・キーボード&トラックパッド⇒動作良好です。一部キーハゲがありますが綺麗です。
・ディスプレイ⇒画面に傷の少ない状態です。
・外観⇒ 天板部分もとても綺麗です。
・サイド⇒凹みなどがなく綺麗です。
・ネット環境⇒wifiも動作良好です。


◇製品情報◇
■cpu：2.4GHz グアットコア Intel Core i5
■メモリ：16GB
■ストレージ：256GB SSD
■シリアル：【C02ZT1LGLVDN】
■放電回数：466回 正常

検索







群馬県公安委員会 第421112019019
スマートエアリーショップ","59,000",https://jp.mercari.com/item/m53427594961,https://static.mercdn.net/item/detail/orig/photos/m53427594961_1.jpg?1699183482,株式会社スマートエアリーショップ
11,【ダブルOS】MacBook Pro 13inch 高速512GB/箱付,"■コメントなしの即購入OK・送料無料
■安心の到着から一週間の返品保証
■面倒な初期設定・動作確認済で到着後、電源を入れればすぐにお使いいただけます。


　　　　＼このPCでできること／

☑Officeソフトで資料や家計簿の作成
☑動画や音楽作成、データの保存・整理
☑Youtube、オンライン授業、Zoom会議など
☑iPadやiPhoneなどのApple製品との連携


　　　ーーーーー商品詳細ーーーーー

メーカー∶Apple  
シリーズ∶MacBook Pro Mid2012
OS∶Catalina(最新バージョンにアップデート済)+Windows10Pro→どちらも256GBでパーティション分けしております。
【電源ボタン押して[option]キー長押しで
２つのOS（Mac/Win10）選択画面から選べます】
CPU∶Core i5
メモリ∶16GB　
ストレージ ∶SSD512GB
ディスプレイ∶13.3インチ  (1280×800)
Webカメラ∶○  
ドライブ∶Super Drive
ネットワーク∶無線LAN ,Bluetooth
充放電回数∶23回 
付属品∶箱、純正ACアダプタ


■Microsoft Office 2021インストール済（Windowsに入れております）
(Excel、Word、PowerPointなどすぐに使用できます)


■ご希望でしたらMacにLibreOffIceもインストールいたします。
(Microsoft Officeと互換性がありWord/Excel/PowerPoint/Accessが使用可能)


    ーーーー商品状態ランク付けーーーー

▶【B】使用感はございますが、特に目立ったキズや汚れもなく比較的綺麗です。

【A】∶小さなキズ汚れがありますが、全体的にキレイな状態 
【B】∶通常経年使用のキズ、使用感がある状態
【C】∶目立つキズ・汚れが複数ある状態

※状態に関しましてはあくまで中古品ですので、ご了承いただける方のみご購入くださいませ。 



・ご購入前に必ずプロフィールをご一読宜しくお願いいたします。


・気になる点がありましたら、お気軽にコメントいただけますと幸いです。

✔その他のMacはこちらからご覧いただけます







管理番号№618","36,000",https://jp.mercari.com/item/m21355809092,https://static.mercdn.net/item/detail/orig/photos/m21355809092_1.jpg?1698911507,パソコン帝国 ★安心中古良品PC★
12,MacBook Pro 13.3 2019 2.4GHz/16GB/256GB,"MacBook Pro 2019です。
サブ機でしたので充電回数74回、まだまだ元気です。
キーボードのアップ写真もありますが、かなり綺麗だと思います。
充電器は気になるほどではないですが、少し小傷あります。

現状sonomaが入っていますが、送付前に初期化します。
その際充電回数が微増する可能性があります。

画面サイズ···13.3インチ
製品年式···2019
CPU種類···Core i5
OS···Mac OS
メモリ···16GB
SSD容量···256GB","76,000",https://jp.mercari.com/item/m11369129321,https://static.mercdn.net/item/detail/orig/photos/m11369129321_1.jpg?1695878339,nao
13,【2022年OS】Macbook Pro 13 メモリ16GB i5 純正充電器,"TP285
MC126

↓こちらから他の商品がご覧になれます
#にこさんパソコン

【メルカリPC顧客満足度No.1】
PCを1300台以上皆様の元へお届けし、100%の方から「良かった」の評価を頂いております。
メルカリでパソコンを買うことに不安を感じている方のお力になれればと思います(^^)

【このPCの特徴】
Macbook Pro A1278 13インチ
▪️2022年リリース
MacOS Monterey搭載
▪️メモリ16GB搭載
▪️intel core i5
▪️SSD搭載(HDDの10倍の読み込み速度)
▪️256GBストレージ
▪️【純正】バ ッテリ付属(充放電回数62)
▪️【純正】充電器付き

最新版のOSがある場合はアップグレードしてからお送りする場合がございます。

Microsoft office( オフィス )と互換性のあるoffice入りで word, excel, power point (ワード エクセル パワーポイント )と同じようにお使い頂けます。
文章作成、表計算、プレゼンの資料作成などが出来ます。

【格安の理由】
保管するスペースが無いので早く販売したいと考えております。
写真に写らない傷や汚れがあります。
他の方より安く出品しています。
即購入の方を優先いたしますm(_ _)m

早い者勝ちなのでどなたでもご購入ください","53,600",https://jp.mercari.com/item/m92534538946,https://static.mercdn.net/item/detail/orig/photos/m92534538946_1.jpg?1699036619,にこさん※即購入大歓迎
14,MacBook Pro 13インチ 2020年式- スペースグレイ,"即購入可です！

こちらは、2020年5月にApple Storeにて購入したものになります。
正直手放すのがもったいないのですが、パソコンを
新しくしてから使用する機会がなくなった為、出品させていただきます。
初期化・バージョンアップののち、発送する予定です。
素人目ですが、大切に扱っていたので傷は見る限りないです。
ぜひ大事に使ってあげてください！

箱付きですが、地震の際に一ヶ所だけ角がついてしまっています。（9枚目参照）
ステッカー類、付属品も全てお付けします。
充電コードは若干ですが汚れが付いております。
ご理解のほどよろしくお願いします。


※何か分からないこと等がございましたら、お気軽にコメントください！※


【MacBook Pro 13インチ - スペースグレー】

● 1.4GHzクアッドコア第8世代Intel Core i5（Turbo Boost使用時最大3.9GHz）
●メモリ：16GB
●SSD：256GB
●年式：2020年
●ポート：Thunderbolt 3ポートx 2、イヤホンジャック
●キーボード：JIS配列準拠キーボード
●Touch Bar、Touch ID搭載
●充放電回数：117回","73,000",https://jp.mercari.com/item/m35875640995,https://static.mercdn.net/item/detail/orig/photos/m35875640995_1.jpg?1698127513,Fukaumi
15,368 極美品新品級 MacBook Pro 2019 13インチ A2159,"MacBookPro 13-inch 2019年モデル / 16GB / 256GB Thunderbolt 3ポートx 2



全体的に使用感が無く、とても綺麗な状態です。
バッテリーも良好（写真参照）で、
程度が良いiPadを持ちたい方にオススメです。



メモリ16GB SSD 256GBを搭載しておりますので、サクサク動作して、大容量です。
Touch Bar付きで指紋認証付きになります。



匿名配送ヤマト宅急便配送になります。
速達扱い、日時指定可能になりますので、
希望がある場合取引コメントにてお願い致します。


媒体ルールに沿い、
即購入歓迎で購入者優先です。
ご質問無ければそのまま購入下さい。



メーカー名：Apple
macOS：Monterey
バージョン：12.6.4
充放電回数：230回
RAM：16GB
SSD：256GB
液晶：13.3インチ
シリーズ名：A2159
シリアル：FVFC82Y4L413
付属品：本体のみ




◇外観状態
画面→綺麗
キーボード→綺麗
track pad→綺麗
外装→綺麗
写真で参照お願い致します。



一通りの動作確認を行なっておりますので、問題なくご利用頂けます。




0310



画面サイズ···13～14.4インチ
製品年式···2019
CPU種類···Core i5
OS···Mac OS
メモリ···16GB
SSD容量···256GB","64,000",https://jp.mercari.com/item/m78342539857,https://static.mercdn.net/item/detail/orig/photos/m78342539857_1.jpg?1698138754,レン@当日or翌日発送
16,美品 MacBook Pro 13inch 2020 512GB,"MacBook Pro 2020 Touch Bar スペースグレイ
2020年発売モデル


Boot Camp搭載でWindows OS がインストールできました。

　購入時にオプションで仕様変更致しました。
　※下記

・ MacOS Ventura
・ 2.0GHzクアッドコアIntel Core i5 1038NG7
・16GB メモリ　8GB→16GB
・512GB SSD     256GB→512GB
・Touch Bar & Touch ID
・Thunderbolt(USB-C)4ポート　2ポート→4ポート

本体のみ。

純正充電器とケーブルも付属致しますが、
ケーブルは他社製の為、この2つはおまけとお考え下さい。

問題なく動作致しました。
バッテリーの状態は正常と表示されました。
充電回数108回

全体を覆うカバーケース、液晶、トラックパッドの保護フィルムを使用していました。
保護フィルムはそのまま付けたままになります。

外観
個人の感想になりますが美品だと思います。
裏面右上に小傷あり。(写真6枚目)
キーボードにテカリ、塗装はげなどありません。

殆ど使用しなかったため出品致します。




値下げ交渉はできません。検討よろしくお願いします。","78,000",https://jp.mercari.com/item/m28962691074,https://static.mercdn.net/item/detail/orig/photos/m28962691074_1.jpg?1698709721,コヅメ
17,USキーボード　MacBook Pro 2019 13インチ,"ご覧いただきありがとうございます！
MacBook pro 2019年モデル　13インチです！

買い替えのため出品です！

【状態】
・使用に伴う小傷が何箇所かあります。
・ACアダプタや充電ケーブルも同様です。
・画面には購入直後に保護フィルムを貼っています。貼った状態のままお送りします。
・初期化してから発送致します。

【仕様】
写真に載せてます。ご確認ください。

【付属品】
・MacBook Pro本体
・ACアダプタ
・充電ケーブル
・箱



画面サイズ　13インチ

CPU Core i5

OS Mac OS

メモリ　16GB

SSD   256GB


その他ご質問等ありましたらお気軽にコメント頂けると幸いです。","56,000",https://jp.mercari.com/item/m91735880481,https://static.mercdn.net/item/detail/orig/photos/m91735880481_1.jpg?1698826338,しゃけ
18,【美品】MacBook Pro 13インチ 2020 i5/16GB/256GB,"ご覧いただきありがとうございます。
即購入可(購入確認不要)、お値下げ不可、コンビニ/ATM払い不可です。

---
☆2020年Intel下位メモリCTOモデル、USB-C：2口タイプです。
　(M1モデルではありません。)
★外観・画面：目立つキズはなく、全体的にはきれいです。
★バッテリー：充放電回数は少ないです。
★動作：全機能動作確認済です。

▶モデル　(メーカ/型名/モデル番号/部品番号/色/キー配列)
Apple / MacBook Pro (13-inch, 2020, Two Thunderbolt 3 ports) CTO / A2289 /  / シルバー / JIS
(発売日：2020/5/4　製造日：2020/7/20)

▶概略仕様
CPU：Core i5 1.4GHz (第8世代4コア)
メモリ：16GB　(CTO)
SSD：256GB

▶商品状態
□外観：※以下はあくまでも主観です。詳細は写真にてご確認ください。
・外装カバー：
　・トップ(天板)：天面に細い線キズ、点キズあり
　・パームレスト：天面に点キズ、側面周囲に軽微なガリキズあり
　・ボトム(底板)：目立つキズなし
・キーボード：ほぼテカリなし
・トラックパッド：テカリなし
・液晶画面：目立つキズ・痕・剥げなし
□バッテリー：充放電回数12回
□修理/換装歴：「ロジックボード／キーボード不良」の状態で入手、
　⇒故障箇所は下記の通り独自修理済
・ロジックボード：同等品に交換
・パームレスト：同等品に交換
□動作：全機能・画面正常　(独自検査にて確認済)
□Apple保証：対象外(AppleCare＋未加入)

▶付属品…写真(最後)の通り、箱付き
・61W USB-C電源アダプタ
・USB-C充電ケーブル(2m)
・付属書(クイックスタートガイド等)
※箱は別物で、スペック等記載内容は異なります。

▶初期状態
・SSD初期化、OSインストール済
※OS：Mac OS Sonoma 14.0(もしくは最新版)
→初期設定から開始してください。

---
ご購入検討される方は、プロフもあわせてご覧ください。
中古にご理解頂ける方にご購入をお願い致します。
P147

他のMacBookはこちら⇒ 
 ","79,300",https://jp.mercari.com/item/m63257026239,https://static.mercdn.net/item/detail/orig/photos/m63257026239_1.jpg?1697724769,Macochin
19,Macbook pro Core i5 メモリー16G Touchbar,"買い替えの為  手持ちの在庫を処分します

メモリー16Gなのでサクサク動き4ポートで便利
Touchbarも使いやすいです
目立った傷はありませんが 私感なので多少傷ありにしています

去年 モニターの不具合(リコール)と合わせバッテリーもappleストアで交換しています
充電回数46回
チェック等で多少増えるかも知れません
御了承下さい

初期化済
初期設定までしておりますので届いたらすぐ使用出来ます
ご購入後の取引連絡にてパスワードお教え致します


充電器付き
箱あり


画面サイズ···13～14.4インチ

CPU種類···Core i5

メモリ···16〜31GB

SSD容量···256～511GB","49,000",https://jp.mercari.com/item/m56972093652,https://static.mercdn.net/item/detail/orig/photos/m56972093652_1.jpg?1698667733,みな
20,13インチmacbook pro 16GB SSD480GB 新品バッテリー,"期間限定特価お値下げ中、新品バッテリー交換済でこの価格！スペックと値段でわかると思いますが、相場よりもかなり安くしています。

りんごマーク光ります。貴重な光学ドライブ搭載モデル（Mid2012）
使用頻度が少ないので出品します。

あくまでも中古なので神経質な方はご遠慮ください。詳細は画像でご判断をお願い致します。

プロセッサ： Intel Core i5 2.5GHz
メモリ：16GB
ストレージ：SSD480GB 
MacOS  X Yosemite
ディスプレイ　13.3インチ　正常
バッテリー状態　正常（新品に交換済）
充放電回数　1（多少増える可能性あり）
光学ドライブ　DVDマルチ

•付属
本体・純正アダプター•元箱
クリーンインストールしてから発送します。

 Pro





メモリ···16〜31GB
SSD容量···256～511GB
CPU種類···Core i5
画面サイズ···13～14.4インチ","20,000",https://jp.mercari.com/item/m93687282269,https://static.mercdn.net/item/detail/orig/photos/m93687282269_1.jpg?1698354435,ほねチキン
21,Apple MacBook Pro 13-inch 2019製,"閲覧ありがとうございます。

こちらはApple MacBook Pro (13-inc,2019,Thunderbolt3ポート×2)のシルバーです。
初期化、充電済みなので直ぐにお使いいただけます。
mac venturaにアップデート済みです。

13インチ
メモリ 16GB
SSD 256GB

購入日 2020年1月
購入場所 Apple Store
購入費用 201,980円

その他詳細は画像にてご確認ください。
動画画像作成用に購入しましたが、もう1台持っており使用頻度がなかったため出品致します。
自宅のみの使用のですが箱から出していたため四隅やや擦れございます。(4枚目参照)

充電器とセットで発送させていただきます。


⚠︎素人管理ですので気になる方や神経質な方はご購入お控えくださいませ。

画面サイズ···13～14.4インチ

製品年式···2019
CPU種類···Core i5
OS···Mac OS
メモリ···16〜31GB
SSD容量···128～255GB

   
   
 
 ","68,000",https://jp.mercari.com/item/m26011622928,https://static.mercdn.net/item/detail/orig/photos/m26011622928_1.jpg?1691563444,もふ子
22,"MacBook Pro (13-inch, 2020)　メモリ16G/256G","画面サイズ...13.3インチ
CPU種類...Core i5 クアッドコア
OS...Mac OS 14.0
メモリ...16G
SSD容量...256G

2020年7月に購入したMacbookproです。magickeyboard、IntelCPU搭載でメモリは16Gに購入時に増設してあります
充放電回数は34回。現在も使用しておりますが使いこなせなくそのまま動画視聴専用機になっていたので、より使いこなせる方、またMacbookが欲しいという方にお譲りしたく出品しました
目立った傷などはありませんが、使用感があるのでご理解ある方はご検討をお願いします
また神経質な方は購入をご遠慮下さい。（そのため状態はやや傷あり汚れとさせていただいております
現在も使用は一応しているので写真にはありませんが充電器もございます

-内容物-
・MacBook Pro 本体
・外箱
・純正の充電器(ケーブル付）
・USB-C→ライトニングケーブル

発送は購入確定されてから、初期化、清掃→梱包などをさせていただきますので多少遅れる場合もございますのでご了承ください","76,000",https://jp.mercari.com/item/m62477541064,https://static.mercdn.net/item/detail/orig/photos/m62477541064_1.jpg?1697035706,霧蔵
23,【org.mina様専用】MacBook Pro 13-inch 16GB,"Apple MacBook Pro 13.3-inch
色 シルバー
Memory 16GB
SSD 256GB
日本語キーボード

購入直後に、ディスプレイ保護フィルム（日本製、ブルーライトカット、アンチグレア）、キーボードカバーフィルム、トラックパッド用保護フィルムを貼り付けており、ディスプレイ保護フィルムとトラックパッド用保護フィルムは付けた状態でお譲りします。
USB-C電源アダプタは使用感がありますので、予め、ご理解の上、ご購入をお願いいたします。


画面サイズ···13～14.4インチ
製品年式···2019
CPU種類···Core i5
OS···Mac OS
メモリ···16〜31GB
SSD容量···256～511GB","63,000",https://jp.mercari.com/item/m90113124089,https://static.mercdn.net/item/detail/orig/photos/m90113124089_1.jpg?1694180772,Snow
24,【早者勝ち】MacBook Pro 13inch メモリ16GB/容量256GB,"仕事でデータ分析などで利用していました。今でも現役で動いておりますが、新しい筐体を購入したため、出品いたします。
申し訳ございませんが、仕事が忙しいためお値引きとうのコメントはご返信いたしかねます。

【MacOS】macOS Ventura
【品名】MacBook Pro 13inch 
 Thunderbolt 3 Ports
【型番】A1708
【CPU】インテル Core i5 2.3GHz デュアルコア
【メモリ】16GB
【HDD】SSD：256GB
【液晶サイズ】13インチ
【バッテリー】充放電回数：222
【付属品】箱＋充電器＋のぞき見フィルタ

【商品状態】
・画面、液晶
  のぞき見防止フィルタを使用していましたので、きれいです。

・キーボード
汚れ防止のフイルムをおいて使用していましたのできれいです。

・外装状態
   端に傷があります。

・充電器
　差し込み口が少しまがっています。

【注意事項】
※すべての状態を画像で確認しきれない場合もございますが、ご了承ください。
※ 中古品の為使用感や状態は個人判断になるので神経質な方はご購入を控えてください

画面サイズ···13～14.4
CPU種類···Core i5","30,000",https://jp.mercari.com/item/m15624905280,https://static.mercdn.net/item/detail/orig/photos/m15624905280_1.jpg?1697779683,Yoshimi
25,MacBookPro メモリ16GB SSD256GB,"MacBookPro メモリ16GB SSD256GB

2019年に購入した商品です。

サブマシンで利用頻度は低く、多少の傷はございますが、気にならない程度で綺麗な状態だと思います。メモリも増設されているのでサクサク動作します（メモリはあとで増設することはできないので増設済み端末がオススメです）。

タッチバー搭載モデル
2019 A2159 13インチ
CPU Core i5 1.4Ghz
メモリ16GB
SSD 256GB

Apple パソコン マック","59,000",https://jp.mercari.com/item/m79697477975,https://static.mercdn.net/item/detail/orig/photos/m79697477975_1.jpg?1697801378,r
26,MacBook Pro 2019（13-inch),"先日、まちがった型式を中古で買ってしまったので出品します。

・Touch IDセンサーが組み込まれたTouch Bar
・スペースグレイ
・Retinaディスプレイ
・1.4GHzクアッドコアIntel Core i5
・メモリ 16G
・SSD 256G
・充放電回数43回

付属品は充電器のみです。元箱などありません。

本体はかなりきれいな状態で、キーボードカバー、画面には保護フィルムがあります。
角にかすかにキズがあります。（写真4）

充電器はかなり使用感があり、キズなどあります。

Apple Diagnosticsで検証しましたが「問題なし」でした。

初期化して発送します。","67,000",https://jp.mercari.com/item/m65265854852,https://static.mercdn.net/item/detail/orig/photos/m65265854852_1.jpg?1697360725,レスポンシブ
27,【限定値下げ中】MacBook Pro 13インチ/メモリ16GB/256GB,"【10/16～10/27 期間限定値下げ中】
限界お値下げ中です！！  

=商品情報=
【MacBook Pro 13インチ 2019年製 Touch Bar付】
購入日:2020年3月

ほぼ未使用です。プログラミングを始めようと意気込んで購入したのですが、挫折してしまったため 今回出品させて頂きます(><)

動画編集にも対応できるくらいのスペックです！

※大きな傷や汚れはないと思いますが、神経質な方は購入をご遠慮下さい。

=スペック=
CPU種類:Intel Core i5
OS:Mac OS
メモリ:16GB
SSD容量:256GB
画面サイズ:13.3インチ

充放電回数:28(発送前撮影時)


=内容物=
・MacBook Pro 本体
・外箱
・純正の充電器(ケーブル付)



梱包前に簡単に清掃させていただきます。
タバコも吸わないので匂いも問題ないと思います。

質問等ありましたら、気軽にコメントにてお問い合わせください！

気持ちの良い取引をよろしくお願いします。","79,999",https://jp.mercari.com/item/m54091181882,https://static.mercdn.net/item/detail/orig/photos/m54091181882_1.jpg?1697453346,おいも
28,MacBook Pro 13インチ 2019 16GB 256GB タッチバー,"APPLE MacBook Pro MACBOOK PRO MUHP2J/A

MacBook Pro 13インチ 2019 i5 16GB 256GB タッチバー スペースグレイ

内容:本体のみとなります。

動作確認済みで問題ありませんでした。

状態は必ず写真などで確認し納得した上でご購入ください。神経質な方はご遠慮下さい。

※値下げ交渉は対応しておりませんが、定期的に値下げしますので気になる方は♡登録オススメします！

中古品となりますのでご理解のある方でお願い致します。
質問などある方は購入前にお願い致します。

【⚠︎配送について】
期限内に発送致しますので、購入後に発送を急かしたりしないでください。○日までに到着してほしいなどの要望にはこたえられせん。ゆうゆうメルカリ便を使用することが多い為、時間指定もできません。ご了承下さい。到着予定日が気になる方は、配送業者のサイトなどからご自身でご確認お願い致します。リコール品ではありません。

BLUETOOTH有
CPUメーカー: INTEL
TRUE RESOLUTION: WQXGA
color: GRAY
グラフィックアクセラレーター: チップセットに内蔵
グラフィックチップブランド: Intel
ストレージ種類: SSD
チップセットブランド: INTEL
チップセット種類: CPUに内蔵
パソコン・タイプ: ポータブルパソコン
パソコン・タイプ(新): コンパクトノート
プロセッサタイプ4: Core i5
モニタワイドタイプ: ワイド
指紋認証機能有
無線通信機能: IEEE802.11a/b/g/n/ac
生体認証機能: 指紋認証
解像度種類(新): 2560X1600","57,500",https://jp.mercari.com/item/m34842991629,https://static.mercdn.net/item/detail/orig/photos/m34842991629_1.jpg?1695774537,大特価セール中 emiria
29,美品✨MacBook Pro 2019 Corei7 13.3インチ 16GB,"182　18754

#即購入OK！　#設定済み♪
#送料無料✨　#お支払から24時間以内発送✨
#お値段交渉OK！

✅保証⌛

・商品到着日から2週間以内の初期不具合は返品OK！期間経過後もしっかりサポート！

当店では全てのお客様にご満足いただけますように、顧客満足度100％を目標に運営しております

また、当店では壊れにくく、長年お使いになっていただけるようなパソコンのみを取り扱っております。

✴スペック✴

メーカアップル
型名Z0WQ (ベース:MV962J/A)
品名MacBook Pro 13
OSmacOS 13.3.1 Ventura
CPU　Core i7
メモリ16GB
ストレージ256GB (SSD)
グラフィックIntel Iris Plus Graphics 655
ディスプレイ13.3インチRetina(2560*1600)
インターフェースThunderbolt3(USB-C)*4,JISキーボード,Touch Bar,Touch ID
ネットワークWi-Fi(802.11a/b/g/n/ac),Bluetooth5.0
指紋認証あり
WEBカメラあり
ACアダプター

【外観について】
液晶フレームのゴムに若干の劣化が見られますが全体的に美品級Aクラス商品になります。
動作確認済みですので届いてすぐに使用できます。


当社が責任をもって、整備・セットアップしております✨


感染対策徹底！発送前にアルコール除菌をして発送いたします。


☘他にも多数出品していますので、是非ご覧ください！ →  





画面サイズ...13～14.4インチ","96,600",https://jp.mercari.com/item/m99616005695,https://static.mercdn.net/item/detail/orig/photos/m99616005695_1.jpg?1692628698,ドッチPC☘️事務機器/パソコン屋
30,【杏奈様専用】MacBook Pro 2019 13インチ,"MacBook Pro 2019 13インチ

プロセッサ：1.4 GHz クアッドコアIntel Core i5
グラフィックス：Intel Iris Plus Graphics 645 1536 MB
メモリ：16 GB 2133 MHz LPDDR3
サイズ：13.3 inchi
ストレージ：256GB
ポート：Thunderbolt 3ポート x 2
充放電回数：160
付属品：本体、充電器、充電ケーブル、箱
初期化済み   初期パスワード0000
本体画面にアンチグレアフィルムを貼り付けてあります。
15日まで出品予定です。



外観は、全体的に目立つ傷などなく、綺麗な状態です


本体起動中およびスリープ中にTouch Bar右側部分が激しく点滅する不具合があります。Touch Bar自体は触れば動きます。指紋認証は問題なく動きます。 クラムシェルモードで使用する分には問題ないかと思います。
その他の不具合などはありません。
おまけでUSB-C拡張ハブをお付けします。","42,000",https://jp.mercari.com/item/m42043864032,https://static.mercdn.net/item/detail/orig/photos/m42043864032_1.jpg?1696923879,しろねこ
31,メロンパンワニさん専用 MacBook Pro 13インチ 2019,"2019年9月に購入。
2年ほど使用し、その後2年間はサブ機として手元に置いておりましたが使用機会が無いので出品いたしました。
室内使用。持ち歩きはほとんどなし。非喫煙者。
初期化後にヤマト運輸のパソコン宅急便BOXにて発送予定です。

【モデル】
Apple / MacBook Pro (13-inch, 2019, Two Thunderbolt 3 ports) 
スペースグレイ(GRAY) 

【内容】
・本体
・アダプター
・USB-C充電ケーブル
（元箱は処分してしまったのでありません）

【仕様】
プロセッサ 1.4GHz クアッドコア Intel Core i5
メモリ　16GB
SSD　256GB

【商品状態】
（あくまでも主観ですので、詳細は写真にてご確認ください。）
・外装カバー：底板に細い線キズあり（写真7枚目参照）
・キーボード：一部に若干テカリあり。文字の擦れ等無し。（普段は外付けキーボードを使用）
・トラックパッド：テカリなし
・液晶画面：良好（購入後すぐにフィルムを貼って使用）
・液晶周囲ゴム枠：右下上部に一部損傷あり(写真○枚目参照)
・充放電回数：129回

【購入時の金額】
196,000円







OS···Mac OS

メモリ···32GB～

SSD容量···256～511GB

メモリ···16〜31GB

CPU種類···Core i5

画面サイズ···13～14.4インチ","58,000",https://jp.mercari.com/item/m40345954795,https://static.mercdn.net/item/detail/orig/photos/m40345954795_1.jpg?1696635984,ヨシの
32,MacBook Pro13インチi7 3.5GHz/16GB/256GB/SG,"【サンバランソ様専用】


Macbook Pro (13-ihcn,）

FINAL CUT PRO 10.6.10 インストール済‼️

画面サイズ···13インチ
メモリ···16GB
SSD容量···250GB
色　スペースグレー

◆動作
FINAL CUT PRO 10.6.10 インストール済‼️
初期化して送付致します。

◆仕様
メーカー： Apple
品名　 ： Macbook Pro 13インチ
インストールOS：Ventura 13.6.1
プロセッサ：3.5GHz デュアルコア Intel Core i7
メモリ：16GB 2133MHz LPDDR3
SSD：250GB
キーボード：USキーボード
色：スペースグレー

◆外観
・比較的綺麗なコンディションだと思います。
・目立つ大きな傷等はありません。

◆付属品
・本体のみ

日本語キーボードでは御座いませんのでご注意ください

その他の詳細は、メーカーサイトで検索してご確認下さい。

中古品の理解のある方でお願いします。","65,000",https://jp.mercari.com/item/m73571878345,https://static.mercdn.net/item/detail/orig/photos/m73571878345_1.jpg?1700045283,コナン
33,MacBook Pro 13インチ 2020 512GB 16GB A2251,"MacBookPro 13インチ2020モデル SSD512GB メモリ16GB A2251  USキーボードになります。
2020年にAppleStoreで購入後すぐに画面フィルムを貼って使用していました。
月1,2回ブラウジングなどに利用する程度なのでとても綺麗です。

購入されたら取引連絡にてフィルムを外して発送するか確認させていただきます。

以下カスタマイズしています

メモリ8G → 16G  ※重たい作業をする方にはメモリが多い方がオススメです
SSD 256GB → 512GB ※動画ファイルの編集にもオススメです
キーボード: US配列

MacOS: Ventura

以下スペックとなります。
————————————————
システム構成：
• 2.0GHzクアッドコア第10世代Intel Core i5（Turbo Boost使用時最大3.8GHz）、6MB共有L3キャッシュ
• 16GB of 3,733MHz LPDDR4Xオンボードメモリ
• 512GB PCIeベースSSD
• Intel Iris Plus Graphics
• Thunderbolt 3ポート x 4
• 感圧タッチトラックパッド
• アクセサリキット
• バックライトキーボード (US) + 製品マニュアル（日本語）
OS···Mac OS
カラー···スペースグレイ
重量···1.4kg
画面サイズ···13インチ
SSD容量···512GB
CPU種類···Corei5
メモリ···16GB

＜付属品＞
製品箱、充電ケーブル(Type-C)、61W電源アダプタ、ステッカー

＜バッテリー状態＞
正常

＜状態＞
動作確認済み

画面サイズ···13～14.4インチ

CPU種類···Core i5

OS···Mac OS

メモリ···16〜31GB

SSD容量···512～999GB

macbook
macbookpro","85,000",https://jp.mercari.com/item/m85738888917,https://static.mercdn.net/item/detail/orig/photos/m85738888917_1.jpg?1697339501,しろくま
34,【英語配列】MacBookPro 2020 Ratede 16G/256GB,"【商品情報】
・MacBook Pro13インチ（2020）
・第8世代の1.4GHzクアッドコアIntel Core i5プロセッサ（Turbo Boost使用時最大3.9GHz）
・Intel Iris Plus Graphics 645
・16GB 2,133MHz LPDDR3メモリ
・256GB SSDストレージ
・True Tone搭載13インチRetinaディスプレイ
・Thunderbolt 3ポート x 2
・Touch BarとTouch ID
・バックライトMagic Keyboard - 英語（米国）

【バッテリーの状態】
・充電回数：154
・状態：正常

【付属品】
・外箱（若干汚れあり）
・純正充電器
・純正ケーブル
・ステッカー、書類

買い換えに伴う出品です。
新品購入してすぐにスキンシールを装着しましたので、外装とてもキレイです！
欠けてる感じもありません！
キーボードもほぼクラムシェルモードで使用していたので、打鍵感も良好です！

/
日本語キーボードのゴチャ付いた感じが嫌な方、英語配列の美しいキーボードで快適なMacライフいかがですか？
\


完全初期化済み、しっかりクリーニングして丁寧に梱包し、発送いたします。

中古品の旨、ご了承頂ける方のみ、購入をご検討ください！
無言購入大歓迎です！
値下げはこちらの判断でのみ行います。

商品の状態確認の質問は、コメント欄からフランクにどうぞ！


 
 Pro 
 ","74,800",https://jp.mercari.com/item/m25908589365,https://static.mercdn.net/item/detail/orig/photos/m25908589365_1.jpg?1692778814,Chococo
35,MacBook Pro 13 inch 2020 付属品多数,"[商品]
MacBook Pro 13 inch  2020  A2251 

Anker PowerExpand Direct 7-in-2 USB-C 価格7190円、キーボードカバー、パッドフィルム、
外付けにはなりますが256GB クルーシャルSSDお付けします。

付属品多数

[仕様・スペック]
・シルバー
・Retina 13.3インチ
・2GHz クアッドコア Intel Core i5
・SSD：512GB
・メモリ：DDR4 16GB
・macOS：Ventura

[詳細]
2020年新品購入しました。
動作確認、初期化済み。
充電回数は78回ととても少ないです。
不具合等はございません。
画面割れはございません。購入後すぐにフィルムを貼っています。フィルムには拭いた小傷等があります。
フィルムは貼り付けたまま発送致します。
殆ど使用しなかったので出品しました。

付属品は箱、純正充電アダプタ、純正ケーブル

本体側にもカバーを貼っていましたので、とても綺麗だと思います。本体には傷なしです。
あくまで中古品ですので神経質な方はご遠慮下さい。


しばらく取引成立しない場合別の方法で売却するため、突然出品を取り下げる可能性がありますのでご了承下さい。
大幅値下げ不可。コメント削除します。ノークレーム、ノーリターンでよろしくお願いします。

画面サイズ···13～14.4インチ

製品年式···2020

メモリ···16〜31GB

SSD容量···512～999GB","100,000",https://jp.mercari.com/item/m72396572904,https://static.mercdn.net/item/detail/orig/photos/m72396572904_1.jpg?1696060359,優
36,MacBook Pro 13.3インチ スペースグレー　極美品,"MacBook Pro (Retinaディスプレイ, 13-inch, 2019) 
2020年に購入しましたがほとんど使用せず定期的に充電のみ行って保有しておりました。バッテリの充電回数は15回。キーボードも使用感なく外観にも傷などありません。

MacBook Pro
13インチ,メモリ16GB, 
2つのThunderbolt 3（USB-C）ポート

1.4GHz クアッドコアIntel Core i5プロセッサ
Intel Iris Plus Graphics 645
16GB 2133MHz LPDDR3メモリ
256GB SSDストレージ
True Tone搭載13インチRetinaディスプレイ
Thunderbolt 3ポート x 2
Touch BarとTouch ID

シリーズ···MacBook Pro
製品年式···2019
画面サイズ···13.3インチ
CPU種類···Core i5（第10世代）
OS···Mac OS
メモリ···16GB
SSD容量···256GB

純正の充電器など付属品も全て揃っております。初期化済み。梱包フィルムなども再度着用し発送させて頂きます。

使用上の動作については全く問題はありません。

新品に近い状態ですが、中古品の旨、ご了承いただける方のみご購入ください。

画面サイズ···13～14.4インチ

CPU種類···Core i5

SSD容量···256～511GB

製品年式···2019

Mac製品時期···Late(後期)

メモリ···16〜31GB","75,000",https://jp.mercari.com/item/m87550539513,https://static.mercdn.net/item/detail/orig/photos/m87550539513_1.jpg?1695567173,sielo
37,Macbook pro Core i5 メモリー16G Touchbar,"明らかにプロフィールを見ていない方からの質問はスルー致します

買い替えの為  手持ちの在庫を処分します

メモリー16Gなのでサクサク動き4ポートで便利
Touchbarも使いやすいです
目立った傷はありませんが 私感なので多少傷ありにしています

去年 モニターの不具合(リコール)と合わせバッテリーもappleストアで交換しています
充電回数46回
チェック等で多少増えるかも知れません
御了承下さい

初期化済
初期設定までしておりますので届いたらすぐ使用出来ます
ご購入後の取引連絡にてパスワードお教え致します

本体のみになります

充電器等は購入者でご用意ください

断捨離のため他にもmacbookを出品しています
ご興味あればご覧ください

画面サイズ···13～14.4インチ

CPU種類···Core i5

OS···Mac OS

メモリ···16〜31GB

SSD容量···256～511GB","52,600",https://jp.mercari.com/item/m42731871026,https://static.mercdn.net/item/detail/orig/photos/m42731871026_1.jpg?1696167111,断捨離中
38,MacBook Pro 2020/スペードグレイ/16GB/256GB,"2020年モデルのMacbook pro 13-inchです。
windowsに買い替えたため出品致します。

購入してから2年ほど使用してましたが、全体的に綺麗な状態です。2箇所よく見ないとわからないぐらいのキズがあります。

付属品は【本体箱】【充電器】です。

MacBook Pro (Retinaディスプレイ, 13-inch, 2020, Two Thunderbolt 3 ports) スペースグレイ 
#Apple


画面サイズ···13～14.4インチ

製品年式···2020
CPU種類···Core i5
OS···Mac OS
メモリ···16〜31GB
SSD容量···256～511GB","72,000",https://jp.mercari.com/item/m39833099756,https://static.mercdn.net/item/detail/orig/photos/m39833099756_1.jpg?1696168385,アルティメットケンダクターティラノ
39,Apple MacBook Pro Retina A1989 2019 Core i5 8279U 2.4GHz/16GB/256GB(SSD)/13.3W/WQXGA(2560x1600) 【547233494】,"■商品番号：547233494
■メーカー：Apple
■型名：MacBook Pro Retina A1989 2019
■基本スペック
　・CPU：Corei5 8279U 2.4GHz(4コア8スレッド)
　・メモリ：16384MB(変更不可)
　・HDD：256GB(SSD)
　・VGA：オンボード
　・DRIVE：なし
　・モニター：13.3インチワイドWQXGA(2560x1600)グレア液晶
　・その他機能：AirMac Extreme Webカメラ Thunderbolt3 Touch Bar Touch ID バックライト付英字キーボード
　・リカバリ：macOS Catalina10.15.7リカバリ済(OS導入済)
　・COA：なし
■動作：中古動作品
 ※液晶パネル面：確認した限り目立つ傷なし
 ※液晶表示：確認した限り目立つ表示不良なし
 ※バッテリ状態：充電駆動可能
 ※バッテリは保証対象外となります。
■汚れ
　・外装汚れ若干有り。
■シール痕
　・若干あり。
■傷
　・外装に使用に差し支えない擦り傷がございます。
■その他
　・中古品のため使用に差し支えない傷、汚れがある場合がございます。
　・本体内外装は清掃しておりますが、多少の汚れが残っている可能性がございます。
　・天板擦り傷 パームレスト摩耗 タッチパッド摩耗 底面擦り傷あり
　・キーボード特記事項：摩耗あり
■付属品(下記にOfficeの表記が無い場合はインストールされておりません。また、記載の物以外は付属いたしません。)
　・ACアダプター(他社製)
■備考
　・macOS Catalina10.15.7リカバリ済(OS導入済)
※リカバリ完了しておりますので、お届け後すぐにご利用頂けます。
　・MacBookPro 15,2 2019 充放電回数：358回 4318mAh ACアダプターは他社製(GOPPA)が付属します。
-","65,800",https://jp.mercari.com/shops/product/zMMdALhUJYV2LX9H99P8QG,https://assets.mercari-shops-static.com/-/large/plain/fHAUkmYMUytrj7zaqc3aUR.jpg@jpg,TCEダイレクト メルカリ店
40,Apple MacBook Pro Retina A1989 2019 Core i5 8279U 2.4GHz/16GB/256GB(SSD)/13.3W/WQXGA(2560x1600) 【547233499】,"■商品番号：547233499
■メーカー：Apple
■型名：MacBook Pro Retina A1989 2019
■基本スペック
　・CPU：Corei5 8279U 2.4GHz(4コア8スレッド)
　・メモリ：16384MB(変更不可)
　・HDD：256GB(SSD)
　・VGA：オンボード
　・DRIVE：なし
　・モニター：13.3インチワイドWQXGA(2560x1600)グレア液晶
　・その他機能：AirMac Extreme Webカメラ Thunderbolt3 Touch Bar Touch ID バックライト付英字キーボード
　・リカバリ：macOS Catalina10.15.7リカバリ済(OS導入済)
　・COA：なし
■動作：中古動作品
 ※液晶パネル面：確認した限り中央キーボード痕あり
 ※液晶表示：確認した限り目立つ表示不良なし
 ※バッテリ状態：充電駆動可能
 ※バッテリは保証対象外となります。
■汚れ
　・外装汚れ若干有り。
■シール痕
　・若干あり。
■傷
　・外装に使用に差し支えない擦り傷がございます。
■その他
　・中古品のため使用に差し支えない傷、汚れがある場合がございます。
　・本体内外装は清掃しておりますが、多少の汚れが残っている可能性がございます。
　・天板擦り傷,薄いシール痕 パームレスト摩耗 タッチパッド摩耗 底面擦り傷あり
　・キーボード特記事項：摩耗あり
■付属品(下記にOfficeの表記が無い場合はインストールされておりません。また、記載の物以外は付属いたしません。)
　・ACアダプター(他社製)
■備考
　・macOS Catalina10.15.7リカバリ済(OS導入済)
※リカバリ完了しておりますので、お届け後すぐにご利用頂けます。
　・MacBookPro 15,2 2019 充放電回数：123回 4504mAh ACアダプターは他社製(GOPPA)が付属します。
-","65,800",https://jp.mercari.com/shops/product/R3RcqjBKnsx9hy6yJGUe6X,https://assets.mercari-shops-static.com/-/large/plain/xVHq6TPiXoVXpke9i96Msc.jpg@jpg,TCEダイレクト メルカリ店
41,MacBook Pro 2019 13インチ core i5 メモリ16GB,"2019年の9月に購入したMacBook Pro 13インチTouchBar搭載モデルになります。
windowsデスクトップのサブ機として使用していたので、使用機会が多くありませんでしたので、出品することにしました。
充放電回数も19回と少なく、バッテリーはあまり劣化していないと思います。(写真14枚目)

外装は擦り傷ありますので、写真でご確認下さい。写真7枚目の注釈部分、少し削れているような傷があります。
内側の液晶、キーボードは綺麗な状態です。
OSはmojave10.14.6です。
箱、電源、ケーブル、付属品はすべて揃っています。

apple公式「Mac を売却、譲渡、下取りに出す前にやっておくべきこと」に従い、本体初期化済み。
https://support.apple.com/ja-jp/HT201065

■スペック
13インチMacBook Pro - シルバー
システム構成:
第8世代の1.4GHzクアッドコアIntel Core i5プロセッサ（Turbo Boost使用時最大3.9GHz）
Intel Iris Plus Graphics 645
16GB 2,133MHz LPDDR3メモリ
256GB SSDストレージ
True Tone搭載Retinaディスプレイ
Thunderbolt 3ポート x 2
Touch BarとTouch ID
PRO APPS 065-C171 NONE
SW LOGIC PRO X 065-C172 NONE
バックライトキーボード - 日本語（JIS）","56,000",https://jp.mercari.com/item/m25594754989,https://static.mercdn.net/item/detail/orig/photos/m25594754989_1.jpg?1695871084,けでぃ
42,MacBook Pro メモリ16GB SSD256GB Office2021,"購入前にご注意ください。
説明文をご確認いただき入札よろしくお願い致します。
3日間以内に入金出来る方購入お願いいたします。

Apple MacBook Pro2018/13inch/CPU Intel Core i5/16GB/SSD 256GB/Office2021
管: 218-60

MacOS: Catalina
画面サイズ: 13.3インチ
画面解像度: Rentina(2560x1600)
CPU: intel Core i5 2.3GHz Turbo Boost 3.8GHz
メモリ: 16GB 2133MHz LPDDR3
ストレージ: 高速SSD 256GB
入力ポート: 4xThunderbolt3、ヘッドフォンジャック3.5mm
重量: 1.37kg 
バッテリー状態: 269回　正常
iSightカメラ 、Bluetooth 、Wifi、Air Drop、TrackPad、Touch Barなど便利機能満載。
付属品: 充電器や箱などなく、本体のみです。

-動作確認済みです。問題無く安心してください。
-ハッテリーは消耗品のため保証対象外てす。
-中古品の為、傷・小傷・使用感等はご了承ください。

※Microsoft Office 2021: Word, Exel, Powerpoint, Outlook, Onenote 
全てのソフトが入っているパック ライセンス認証済み、すぐ使えます。

モデル:         

在庫一覧は下記からご覧下さいませ。","63,000",https://jp.mercari.com/item/m55284864349,https://static.mercdn.net/item/detail/orig/photos/m55284864349_1.jpg?1693379887,Macintosh
43,APPLE MacBook Pro 新品同様レベルMV962J/A,"APPLE MacBook Pro MACBOOK PRO MV962J/A
上下カバー付き。
画面フィルム付き。
キーボードカバーも着けてましたので綺麗です。
2枚目の写真はカバーを着けています。
純正箱、充電器、充電ケーブル付き。

BLUETOOTH有
CPUメーカー: INTEL
TRUE RESOLUTION: WQXGA
color: GRAY
グラフィックアクセラレーター: チップセットに内蔵
グラフィックチップブランド: Intel
ストレージ種類: SSD
チップセットブランド: INTEL
チップセット種類: CPUに内蔵
パソコン・タイプ: ポータブルパソコン
パソコン・タイプ(新): コンパクトノート
プロセッサタイプ4: Core i5
モニタワイドタイプ: ワイド
指紋認証機能有
無線通信機能: IEEE802.11a/b/g/n/ac
生体認証機能: 指紋認証
解像度種類(新): 2560X1600




プログラミング学習の為に3年半程前に川崎のApple Store購入しましたが
ほとんど使用せずキズ汚れはすぐにカバーを取り付けた為全くありません。
また画面にフィルムもすぐに貼り使用していたので汚れ、割れ等ございません。
本体上下のカバーをご一緒にお譲りします。
本体、画面、キーボード全てカバー付きで大変綺麗です。

画面サイズ···13インチ～14.5インチ
OS···Mac OS
メモリ···8GB～16GB未満
SSD容量···256GB～512GB未満
画面解像度···その他","70,000",https://jp.mercari.com/item/m16152864456,https://static.mercdn.net/item/detail/orig/photos/m16152864456_1.jpg?1679784533,チョコたん
44,366 電池最良好 比較的美品 MacBook Pro 13インチ 2020,"MacBook Pro (13インチ, 2020, Thunderbolt 3ポート x 2) A2289 16GB / 256GB



Touch Bar、指紋認証搭載機種になる為、
とても使いやすくご利用頂けます。


バッテリー中放電回数23回で、
ほぼ使用してなく状態が良いMacBookです。



匿名配送ヤマト宅急便配送になります。
速達扱い、日時指定可能になりますので、
希望がある場合取引コメントにてお願い致します。



媒体ルールに沿い、
即購入歓迎で購入者優先です。
ご質問無ければそのまま購入下さい。



メーカー名：Apple 
macOS：Ventura
バージョン：13.5.2
充放電回数：23回
RAM：16GB
SSD：256GB
液晶：13.3インチ
シリーズ名：A2289
シリアル：FVFCP309P3YV
付属品：箱、説明書




◇外観状態
画面→とても綺麗 保護フィルム付き
キーボード→とても綺麗 保護フィルム付き
track pad→とても綺麗
外装→1箇所目立たない打傷がありますがその他綺麗
写真で参照お願い致します。



画面に若干色ムラがあります（1,2,3枚目）
一通りの動作確認を行なっておりますので、問題なくご利用頂けます。




0366




画面サイズ···13～14.4インチ
製品年式···2020
CPU種類···Core i5
OS···Mac OS
メモリ···16〜31GB
SSD容量···256～511GB","82,500",https://jp.mercari.com/item/m64675709107,https://static.mercdn.net/item/detail/orig/photos/m64675709107_1.jpg?1695269052,ショピ@24時間以内発送
45,本体のみ・13インチMacBook Pro 2019,"MacBook Pro 2019、色はスペースグレイです。
2020年の春に購入しました。買い替えに伴い出品します。
目立った傷や汚れ等はなく、まだまだお使いいただけます。

メモリは16GB、ストレージは256GBです。
工場出荷時の状態に初期化してから発送します。
本体のみ出品となりますので、ご理解の上ご購入をお願いします。

画面サイズ···13～14.4インチ
製品年式···2019
CPU種類···Core i5
OS···Mac OS
メモリ···16〜31GB
SSD容量···256～511GB","58,000",https://jp.mercari.com/item/m56272747698,https://static.mercdn.net/item/detail/orig/photos/m56272747698_1.jpg?1695362281,だだだ
46,macbook pro 2020 13インチ 512gb/16gb,"2020 Apple MacBook Pro (13インチ 16GB RAM 512GBストレージ Intel Core i5) - スペースグレイ

2021年8月に購入。ネットサーフィン等で使用しました。
最後のintelモデルです。
USBも4ポートありとても便利な機種です。

電池等情報は画像をご確認ください。
内容は本体、電源アダプタ、電源コード、箱、説明書、USBハブ×2、布製ケース、スタンドになります。
詳細は写真をご覧ください。

画面保護シール、キーボードカバーとハードカバーを付けて使用しておりました。
ハードカバー以外はそのままお送りします。
外箱はスレや凹みはありますのでご了承ください。

その他確認したい箇所がございましたらご連絡ください。

容量もメモリ的にも上位スペックですので、音楽制作、動画編集にも問題無く使用できます！

本体は初期化してから発送いたします。

希望価格からの出品になります。
極端なお値段でなければ金額交渉はなるべく対応できればと思っております。

製品年式...2020
CPU種類...Core i5
OS...Mac OS
メモリ...16〜31GB
SSD容量...256～511GB","96,999",https://jp.mercari.com/item/m63885873432,https://static.mercdn.net/item/detail/orig/photos/m63885873432_1.jpg?1691291276,だい
47,macbook pro 2020 13インチ　i5/16gb/1tb,"動作問題なし。
全体的にキレイなお品です。

bootcampを用いてwindowsの導入を考えていらっしゃる方には良い選択肢になるかと思います。

中古品となります。最後までお読みになり、ご了承の上ご購入をお願いいたします。


■スペック

　macbook pro 2020年式　13インチ　スペースグレー

ディスプレイ
　Retinaディスプレイ
　IPSテクノロジー搭載13.3インチ（対角）LEDバックライト　　　　
　ディスプレイ、2,560 x 1,600ピクセル標準解像度

プロセッサ
　Intel Core i5

ストレージ
　1tb SSD

メモリ
　16GB

充電と拡張性
　4つのThunderbolt 3（USB-C）ポート

■充電回数
　66回（正常）発送迄に少し変動する可能性あり

■付属品
　純正充電器

■保証
　アップルケア（2023年9月まで）



キーボード、ディスプレイ、wifi接続、スピーカー、アクティベーションと基本的な動作確認を行い発送させて頂きます。
もし万が一不具合がございましたら、必ず受け取りをされる前にご連絡をお願いいたします。
バッテリーに関しましては、消耗品となりますので、保証は出来かねるところがございます。
（pcの新品、リユース品の出品を行っております。詳しくはプロフィールご参照をお願いいたします。）






MacBook Pro 
2016 2017 2018 2019 2020
13 15 inch
256
m1","95,000",https://jp.mercari.com/item/m20984389330,https://static.mercdn.net/item/detail/orig/photos/m20984389330_1.jpg?1688217903,カマンベール
48,Apple Macbook Pro 2019 13インチ,"※円滑な取引にご協力いただける方のみご協力ください。

商品概要
2019年発売のApple Macbook Pro 13インチモデルです。
スペックは【Core i5, 256GB SSD, 16GB メモリ】となっています。
充放電回数は現在131回となっております。商品到着までに微増するかもしれませんのでご了承ください。
動画編集などに使用しておりました。簡単な動作確認済みで、特に問題ございません。

外観
全体的に美品ではありますが、シール痕や写真⑸のキズが見受けられます。
シール痕は使用していくうちに馴染むと思いますが、使用に伴う小キズも多少はあると思いますのでご了承ください。

付属品
写真⑹外箱、取扱注意書、充電プラグが純正の付属品となります。
写真⑺のType C→USB変換プラグ、Buffalo製ワイヤレスマウスとチップ
写真⑻マウスパッド
写真⑼レザーケース
以上が付属します。レザーケースにつきましては商品の保護のため発送時に同梱させていただきますが、それ以外の付属品が不要だという方はお申し出下さい。(それによる値引きは発生しません。)

現在メルカリ内、最安値です。
※スペックや状態を考慮

ご不明な点や、追加してほしい写真等ございましたらお気軽にコメントお待ちしてます。","57,980",https://jp.mercari.com/item/m36094414814,https://static.mercdn.net/item/detail/orig/photos/m36094414814_1.jpg?1695467665,キム
49,"MacBook Pro 2019, クアッドコア Intel core i5","シリーズ···MacBook Pro
製品年式···2019
画面サイズ···13インチ
CPU種類···2.4GHz クアッドコアIntel Core i5
メモリ···16GB
SSD容量···256GB
Thunderbolt ports…4
充放電回数…283

数年使ってきましたが、新しいPCを購入したためお譲りします。
やや傷や凹みがあるため、ご了承のうえご購入ください。

コードは純正ではありませんが、充電器をつけてお送りします。","50,000",https://jp.mercari.com/item/m56723903826,https://static.mercdn.net/item/detail/orig/photos/m56723903826_1.jpg?1693725356,Taiga Abe
50,MacBook Pro 2020,"取引が流れたので再度出品します。

大学の時に買いましたがあまり使わないで卒業したので出品します。
通常使用による傷があります。

ハードケース着用、保管時はソフトカバーに入れてました。画面、Touch ID、Touch Barにフィルムが貼ってあります。

引っ越しの都合でWi-Fiを解約したため現状Wi-Fiが無いです。そのためOSをご自身で入れられる方でお願いします。
以下を参考にしていただければと思います。
https://support.apple.com/ja-jp/HT204904

中古品とういうことをご理解いただける方でお願い致します。

傷についてですがゲオにて査定して貰った際、A評価でした。

充電器、ケーブルは他でも使っていたため、汚れ、傷有ります。


箱、充電器、ケーブル、説明書付属。

画面サイズ···13インチ

製品年式···2020
CPU種類···Core i5
メモリ···16GB
SSD容量···256GB
USキー

日本と海外を行き来してるため急に出品を停止したり再開する場合がございます。海外に行く際はあらかじめコメント欄にて記載させていただきます。　

前回条件を書いてるのにも関わらず商品到着後にOSがダウンロードされてないとキャンセルしてきた方が居るので日本語が通じる方のみでよろしくお願いします。","69,500",https://jp.mercari.com/item/m84118962578,https://static.mercdn.net/item/detail/orig/photos/m84118962578_1.jpg?1695035078,とんぬら
51,MacBook Pro,"pc
APPLE MACBOOK PRO
2020年のmacbook pro 13.3インチです。
corei5/メモリ16GB/SSD256GB
初期化設定済み

定価　141,800円

ペット・喫煙者無し。
すり替え防止等の観点から3Nでお願いします。
質問等あれば購入前にお願いします。

画面サイズ···13～14.4インチ

製品年式···2020
CPU種類···Core i5
OS···Mac OS
メモリ···16〜31GB
SSD容量···256～511GB

製品年式···2020
CPU種類···Core i5
OS···Mac OS
メモリ···16〜31GB
SSD容量···256～511GB

ーー↓↓検索用キーワード↓↓ーー

HP   NEC  Dell  ASUS
Lenovo   Panasonic   Microsoft
パナソニック　 富士通　 マイクロソフト
デスクトップ　コンピューター

ProDesk  Inspiron 
ThinkCentre  ESPRIMO
Surface  LAVIE   Vostro

  
  
   
   ","66,500",https://jp.mercari.com/item/m49071715285,https://static.mercdn.net/item/detail/orig/photos/m49071715285_1.jpg?1694443248,くりちゃん
52,Apple MacBook Pro 2020 13インチ,"早い者勝ち！これ以上の値下げはしません！

MacBook Pro (Retinaディスプレイ, 13-inch, 2020) シルバー

MacBook Pro 2020, 
13インチ,メモリ16GB, 
2つのThunderbolt 3（USB-C）ポート

1.4GHz クアッドコアIntel Core i5プロセッサ
Intel Iris Plus Graphics 645
16GB 2133MHz LPDDR3メモリ
256GB SSDストレージ
True Tone搭載13インチRetinaディスプレイ
Thunderbolt 3ポート x 2
Touch BarとTouch ID

シリーズ···MacBook Pro
製品年式···2020
画面サイズ···13～14.4インチ
CPU種類···Core i5（第10世代）
OS···Mac OS
メモリ···16GB
SSD容量···256GB

純正の充電器もあります。
使用に問題もありません。

購入した段階で、ハードカバー、画面カバー、キーボードカバー、タッチパッドカバーをつけており、傷もついてないために外見は新品に近い状態で使ってました。

裏面に、画像で分かる通りハードケースの空気逃すところの跡が少々ついております。

使用上の動作については全く問題はありません。

また箱はありませんが、
丁寧に梱包し、発送いたします。

中古品の旨、ご了承いただける方のみご購入ください。

※他のオークションサイトやフリマサイトでも出品しておりますので、そちらで購入意思が出たら、こちらの出品は取りやめますので検討中の方は早めにコメントくださると助かります。","80,000",https://jp.mercari.com/item/m68094677028,https://static.mercdn.net/item/detail/orig/photos/m68094677028_1.jpg?1691014861,キングナスビ
53,"◆ジャンク品・本体のみ◆Apple MacBook Pro (13インチ, 2020, Thunderbolt 3ポート x 2)【i5・SSD256GB】★キー外れ・キズ多数　A2289 EMC3456/LT-JUNK-231432（80589）","★★★ACアダプタ（充電器）なしの商品です！！！！★★★ 

★★★★★★★★★★★★★★★★★★★

ジャンク品としての出品です。

記載以外にも不具合がある可能性がございます。
ジャンク品のため、商品詳細の個別問合せについてはご返答いたしかねます。

ご理解いただける方のみご購入ください。

★★★★★★★★★★★★★★★★★★★

ローカルにてユーザーアカウント[ user ] を作成済みです。
ログインパスワード：1111

★★★★★★★★★★★★★★★★★★★ 

★キーが外れている
★画面含めキズ多数
のため、ジャンク品として出品いたします。

あくまでジャンク品でございますため、
【全く起動しない可能性がある】ことを含め、ご検討ください。
部品どりなどにどうぞ！

写真および説明文で状態をご確認の上、
ジャンク品であることをご理解いただける方のみご検討ください。
 ※写真に写しきれていないキズや汚れもございます。ご了承ください。

【 値下げ不可　値下げ交渉のご連絡はご返信いたしかねます】

■モデル
MacBookPro16,3
A2289
EMC 3456

■商品検査
弊社内にて業務用ソフトウェアにて検査済み

■商品仕様
プロセッサ：1.4GHzクアッドコア第8世代Intel Core i5
ストレージ：256GB SSD
メモリ：16GB（2×8GB 2133MHz LPDDR3オンボードメモリ）

■バッテリー
バッテリーヘルス：90%
※当店入荷時の情報となり、到着時には多少低下している場合がございます。

技術仕様ページ/Technical Specifications
https://support.apple.com/kb/SP818?locale=ja_JP

※キーボードについて
英字キーボード/日本語キーボードのいずれかについては
必ず画像にてご確認ください。

■同梱物
なし

■状態  
ジャンク品（記載のない不具合が生じる可能性あり/キズ・汚れあり） 

■注意点
・商品詳細に関しましては公式ＨＰよりご覧ください。
・中古品とご理解いただける方のみご購入ください。
・お値引き等は受け付けておりません。
・起動確認しておりますが、お客様の環境での動作保証は出来かねます。
・複数商品をご注文時、同梱不可の場合はご注文後すぐに取引メッセージにてご連絡ください。
　ご連絡が当店で確認できない場合は、複数商品を同梱にて発送する場合がございます。

■発送
・佐川急便 宅配便　による発送になります。（追跡番号有り）

■対応可能時間
平日のみ 
10:00 ～ 16:30
上記日時以外は発送やご連絡の対応は出来かねますのでご了承ください。
（土日祝は対応不可）

ノートパソコン　ノートPC　Laptop　ラップトップ　Macbook　マックブック","49,800",https://jp.mercari.com/shops/product/Y4bP33LAjmgsCtcRoS845F,https://assets.mercari-shops-static.com/-/large/plain/LDusiBgjTfJ4bUCGtKuLzd.jpg@jpg,プロフ必読★refurcom/リファコム
54,【ジン　チャンさま専用】13インチMacBook Pro 2019,"MacBook Pro 2019 A1989 

システム構成:
第8世代の2.4GHzクアッドコアIntel Core i5プ‍ロ‍セッサ（Turbo Boost使用時最大4.1GHz）
Intel Iris Plus Graphics 655
16GB 2,133MHz LPDDR3メモリ
256GB SSDストレージ
True Tone搭載Retinaディスプレイ
Thunderbolt 3ポート x 4
Touch BarとTouch ID
PRO APPS 065-C171 NONE
LOGIC PRO X 065-C172 NONE
バックライトキーボード - 日本語（JIS）
付属充電機器（ACアダプタとケーブル）

当時購入価格（新品）：226,380円（税込）

充電回数は出品時点で215回です。
ディスプレイは新品購入時から保護フィルムを貼っています。
本体に目立つ傷は見られず、美品だと思いますが、付属品ともに中古品ですので、ご了承いただける方のみの販売とさせていただきます。","57,999",https://jp.mercari.com/item/m23779957332,https://static.mercdn.net/item/detail/orig/photos/m23779957332_1.jpg?1694429859,ゆう
55,"◆ジャンク品・本体のみ◆Apple MacBook Pro (13インチ, 2020, Thunderbolt 3ポート x 2)【i5・SSD256GB】★液晶割れ・画面表示不良　A2289 EMC3456/LT-JUNK-231390（77599）","★★★ACアダプタ（充電器）なしの商品です！！！！★★★ 

★★★★★★★★★★★★★★★★★★★

ジャンク品としての出品です。

記載以外にも不具合がある可能性がございます。
ジャンク品のため、商品詳細の個別問合せについてはご返答いたしかねます。

ご理解いただける方のみご購入ください。

★★★★★★★★★★★★★★★★★★★

ローカルにてユーザーアカウント[ user ] を作成済みです。
ログインパスワード：1111

★★★★★★★★★★★★★★★★★★★ 

★液晶割れあり
★画面表示不良（全く画面表示ができない場合あり）
のため、ジャンク品として出品いたします。

あくまでジャンク品でございますため、
【全く起動しない可能性がある】ことを含め、ご検討ください。
部品どりなどにどうぞ！

写真および説明文で状態をご確認の上、
ジャンク品であることをご理解いただける方のみご検討ください。
 ※写真に写しきれていないキズや汚れもございます。ご了承ください。

【 値下げ不可　値下げ交渉のご連絡はご返信いたしかねます】

■モデル
MacBookPro16,3
A2289
EMC 3456

■商品検査
弊社内にて業務用ソフトウェアにて検査済み

■商品仕様
プロセッサ：1.4GHzクアッドコア第8世代Intel Core i5
ストレージ：256GB SSD
メモリ：16GB（2×8GB 2133MHz LPDDR3オンボードメモリ）

■バッテリー
バッテリーヘルス：90%
※当店入荷時の情報となり、到着時には多少低下している場合がございます。

技術仕様ページ/Technical Specifications
https://support.apple.com/kb/SP818?locale=ja_JP

※キーボードについて
英字キーボード/日本語キーボードのいずれかについては
必ず画像にてご確認ください。

■同梱物
なし

■状態  
ジャンク品（記載のない不具合が生じる可能性あり/キズ・汚れあり） 

■注意点
・商品詳細に関しましては公式ＨＰよりご覧ください。
・中古品とご理解いただける方のみご購入ください。
・お値引き等は受け付けておりません。
・起動確認しておりますが、お客様の環境での動作保証は出来かねます。
・複数商品をご注文時、同梱不可の場合はご注文後すぐに取引メッセージにてご連絡ください。
　ご連絡が当店で確認できない場合は、複数商品を同梱にて発送する場合がございます。

■発送
・佐川急便 宅配便　による発送になります。（追跡番号有り）

■対応可能時間
平日のみ 
10:00 ～ 16:30
上記日時以外は発送やご連絡の対応は出来かねますのでご了承ください。
（土日祝は対応不可）

ノートパソコン　ノートPC　Laptop　ラップトップ　Macbook　マックブック","34,800",https://jp.mercari.com/shops/product/EYhWofGEgxU2ZQMRGMqcLR,https://assets.mercari-shops-static.com/-/large/plain/Qd4YVMqD9KYXQyBhwW7G5.jpg@jpg,プロフ必読★refurcom/リファコム
56,美品✨MacBook Pro 2019FourThunderbolt3ports,"125 74924

#即購入OK！　#設定済み♪
#送料無料✨　#お支払から24時間以内発送✨
#お値段交渉OK！

✅保証⌛

・商品到着日から2週間以内の初期不具合は返品OK！期間経過後もしっかりサポート！

当店では全てのお客様にご満足いただけますように、顧客満足度100％を目標に運営しております

また、当店では壊れにくく、長年お使いになっていただけるようなパソコンのみを取り扱っております。

✨スペック情報✨

メーカ  アップル
型名 Z0WS
品名 MacBook Pro13インチ
macOS 13.3.1 Ventura
CPU  Core i5-2.4GHz
メモリ  16GB
ストレージ256GB (SSD)
グラフィック Intel Iris Plus Graphics 655
ディスプレイ 13.3インチWQXGA(2560*1600) Retina
インターフェース Thunderbolt3(USB-C)*4
ネットワーク 無線LAN(ac/a/b/g/n),Bluetooth5.0
指紋認証 あり
WEBカメラ あり
ACアダプター

【外観について】

画面に若干の傷(点灯時には分かりません)と若干のコーティング剥がれが見られますが全体的に良品級でBクラス商品となります

A美品(中古品の中で特に状態が良いもの)　B良品(中古品の中でも状態が良いもの)　C一般的な中古品


当社が責任をもって、整備・セットアップしております✨


感染対策徹底！発送前にアルコール除菌をして発送いたします。


☘他にも多数出品していますので、是非ご覧ください！ →  




画面サイズ...13～14.4インチ


製品年式...2019
CPU種類...Core i5
OS...Mac OS
メモリ...16〜31GB
SSD容量...256～511GB","70,000",https://jp.mercari.com/item/m96386350595,https://static.mercdn.net/item/detail/orig/photos/m96386350595_1.jpg?1692628857,ドッチPC☘️事務機器/パソコン屋
57,MacBook Pro 2019 13インチ Intel 16GB 256GB,"ノートPC MacBook Pro 2019 13インチです。

プロセッサ：1.4 GHz クアッドコアIntel Core i5
グラフィックス：Intel Iris Plus Graphics 645 1536 MB
メモリ：16 GB 2133 MHz LPDDR3
サイズ：13.3 inchi
ストレージ：256GB
ポート：Thunderbolt 3ポート x 2
充放電回数：157
付属品：本体、充電器、充電ケーブル、箱なし
初期化済み
本体画面にはアンチグレアフィルムを貼り付けてあります

値下げについては対応致しかねますことご了承ください。

外観は、全体的に目立つ傷などなく、綺麗な状態です。

メモリ16GBなのでスペック高めです。

本体起動中およびスリープ中（つまり常時）、Touch Barが激しく点滅する為、眩しくないように黒テープ、シールなどを貼っています。Touch Bar自体は黒テープの上からでも触れれば動きますが、黒テープを貼っている為、Touch Barのボタンは見えません。指紋認証は問題なく動きます。
その他の不具合などはありません。","48,000",https://jp.mercari.com/item/m24187369848,https://static.mercdn.net/item/detail/orig/photos/m24187369848_1.jpg?1694565515,まっさん
58,macbook pro 2020 13インチ　i5/16gb/512gb,"極美品かと思います。
動作問題なく状態良好です。

bootcampを用いてwindowsの導入を考えていらっしゃる方には良い選択肢になるかと思います。


中古品であることを、御了承のうえご購入をお願いいたします。
箱等は付いてきません。



□スペック

2020年式　13インチ
色　シルバー

CPU   core i5(2Ghz)
メモリー   16gb
ストレージ   512gb

Thunderbolt3(USB3.1 Gen2 Type-C) x4




付属品
純正充電器



MacBook Pro 
2016 2017 2018 2019 2020
13 15 inch
256
m1

画面サイズ···13～14.4インチ

製品年式···2020
OS···Mac OS

製品年式···2020
OS···Mac OS
メモリ···16〜31GB
SSD容量···512～999GB","96,000",https://jp.mercari.com/item/m57890614829,https://static.mercdn.net/item/detail/orig/photos/m57890614829_1.jpg?1690981046,龍鬼
59,【2022年】Macbook Pro 13 メモリ16GB SSD256GB,"TP412
MC115

↓こちらから他の商品がご覧になれます
#にこさんパソコン

【メルカリPC顧客満足度No.1】
PCを1200台以上皆様の元へお届けし、100%の方から「良かった」の評価を頂いております。
メルカリでパソコンを買うことに不安を感じている方のお力になれればと思います(^^)

【このPCの特徴】
Macbook Pro A1278 13インチ
▪️2022年リリース
MacOS Monterey搭載
▪️メモリ16GB搭載
▪️intel core i5 搭載
▪️SSD搭載(HDDの10倍の読み込み速度)
▪️256GBストレージ
▪️【純正】バッテリ付き
▪️充電回数45回(正常)
▪️【美品】互換充電器付き
▪️キーボードカバー付き

最新版のOSがある場合はアップグレードしてからお送りする場合がございます。

Microsoft office( オフィス )と互換性のあるoffice入りで word, excel, power point (ワード エクセル パワーポイント )と同じようにお使い頂けます。
文章作成、表計算、プレゼンの資料作成などが出来ます。

【格安の理由】
保管するスペースが無いので早く販売したいと考えております。
写真に写らない傷や汚れがあるのでご了承ください
他の方より安く出品しています。
即購入の方を優先いたしますm(_ _)m

早い者勝ちなのでどなたでもご購入ください","59,800",https://jp.mercari.com/item/m60514717688,https://static.mercdn.net/item/detail/orig/photos/m60514717688_1.jpg?1694465521,にこさん※即購入大歓迎
60,MacBook Pro 2020 13インチ core i5 16GB US配列,"閲覧ありがとうございます！
Macbook Pro 13インチになります。
メモリ16GBに増設した
Corei5インテルマック最後のモデルになります。
キーボードは流行りのUS配列になります。

シリーズ···MacBook Pro
製品年式···2020
画面サイズ···13インチ
CPU種類···Corei5
メモリ···16GB
SSD容量···256GB


充電回数51回
バッテリー90%
(既に梱包済みです。使用時に数回増えている、多少減少する可能性があります)

外装
多少小傷はありますが持ち運びは2回しかしておりません。

内装
液晶保護フィルム
タッチパッド保護フィルム
moshi キーボードカバー
を使用していました。
また基本クラムシェル、
外部ディスプレイと外部キーボードで使用していました。


保護フィルムは貼付状態、
moshiはアルコール消毒の上お送りします。
必要に応じてお使いください。

純正充電器　USB  typeCケーブル
多少使用いたしましたが、断線等はしておらず
まだまだご使用いただけます。
純正の箱に入れた上で、Appleから郵送された際の段ボール箱にいれてお送りします。

どうぞよろしくお願いします！
 ","78,000",https://jp.mercari.com/item/m48752316169,https://static.mercdn.net/item/detail/orig/photos/m48752316169_1.jpg?1678546656,りと
61,APPLE MacBookPro [13インチ/2019/16GB/500GB],"ご覧頂きありがとうございます!
当方新しいmacに買い替えた為、出品致しました!!
購入時期は2019年8月、購入先はAppleになります。
(※主に作曲をメインに使用しておりました)

--------------------------------------------------
出品は本体のみとなります。(※箱、充電器等の付属品はございません)
--------------------------------------------------

現状の主なスペックは以下のとおりです。
【スペック】
CPU: Intel Core i5-1.4GHz
ストレージ：SSD 500GB
メモリ：16GB

 
【状態】
・動作確認済
・充放電回数475回(※出品時)
・データ初期化済
・OS:catalina
・本体全体的に傷がございます。(※特に目立つものを画像にて載せてあります。""必ず""ご確認をお願い致します…!!!)



○傷を考慮し相場よりも下げております！
○発送前に簡易的にはなりますがクリーニングを致します！
○発送の際は厳重に梱包させて頂きます!!!!!!
他何かご不明点等ございましたらコメントお願い致します(_ _)

画面サイズ···13～14.4インチ

製品年式···2019
CPU種類···Core i5
OS···Mac OS
メモリ···16〜31GB
SSD容量···256～511GB","59,000",https://jp.mercari.com/item/m53156577507,https://static.mercdn.net/item/detail/orig/photos/m53156577507_1.jpg?1692023023,ニニギ
62,Apple MacBook Pro Retina A2159 2019 Core i5 8257U 1.4GHz/16GB/256GB(SSD)/13.3W/WQXGA(2560x1600) 【547233776】,"■商品番号：547233776
■メーカー：Apple
■型名：MacBook Pro Retina A2159 2019
■基本スペック
　・CPU：Corei5 8257U 1.4GHz(4コア8スレッド)
　・メモリ：16384MB(変更不可)
　・HDD：256GB(SSD)
　・VGA：オンボード
　・DRIVE：なし
　・モニター：13.3インチワイドWQXGA(2560x1600)グレア液晶
　・その他機能：AirMac Extreme Bluetooth Webカメラ Thunderbolt3 Touch Bar Touch ID バックライト付キーボード
　・リカバリ：macOS Mojave10.14.6リカバリ済(OS導入済)
　・COA：なし
■動作：中古動作品
 ※液晶パネル面：確認した限り傷 薄いキーボード痕あり
 ※液晶表示：確認した限り目立つ表示不良なし
 ※バッテリ状態：充電駆動可能
 ※バッテリは保証対象外となります。
■汚れ
　・外装汚れ若干有り。
■シール痕
　・若干あり。
■傷
　・外装に使用に差し支えない擦り傷がございます。
■その他
　・中古品のため使用に差し支えない傷、汚れがある場合がございます。
　・本体内外装は清掃しておりますが、多少の汚れが残っている可能性がございます。
　・天板擦り傷 摩耗 手前左角小さい削れ 左端細かい削れ 背面右角傷 底面傷 シール痕 液晶枠部ゴム劣化 若干破れ パームレスト傷 摩耗 左手前塗装剥げ 右手前細かい削れ多数 タッチパッド摩耗あり
　・キーボード特記事項：摩耗あり
■付属品(下記にOfficeの表記が無い場合はインストールされておりません。また、記載の物以外は付属いたしません。)
　・ACアダプター
■備考
　・macOS Mojave10.14.6リカバリ済(OS導入済)
※リカバリ完了しておりますので、お届け後すぐにご利用頂けます。
　・MacBookPro15,4 Retina 2019 充放電回数：301回 4079mAh ACアダプター傷あり
-","71,100",https://jp.mercari.com/shops/product/exvg3h9NXi6VYAermKXwZN,https://assets.mercari-shops-static.com/-/large/plain/aCTrqF3dKk3gCC7jD5gnH9.jpg@jpg,TCEダイレクト メルカリ店
63,Apple MacBook Pro Retina A2159 2019 Core i5 8257U 1.4GHz/16GB/256GB(SSD)/13.3W/WQXGA(2560x1600) 【547233781】,"■商品番号：547233781
■メーカー：Apple
■型名：MacBook Pro Retina A2159 2019
■基本スペック
　・CPU：Corei5 8257U 1.4GHz(4コア8スレッド)
　・メモリ：16384MB(変更不可)
　・HDD：256GB(SSD)
　・VGA：オンボード
　・DRIVE：なし
　・モニター：13.3インチワイドWQXGA(2560x1600)グレア液晶
　・その他機能：AirMac Extreme Bluetooth Webカメラ Thunderbolt3 Touch Bar Touch ID バックライト付英字キーボード
　・リカバリ：macOS Ventura13.5リカバリ済(OS導入済)
　・COA：なし
■動作：中古動作品
 ※液晶パネル面：確認した限り傷多数 キーボード痕あり
 ※液晶表示：確認した限りムラあり
 ※バッテリ状態：充電駆動可能
 ※バッテリは保証対象外となります。
■汚れ
　・外装汚れ若干有り。
■シール痕
　・若干あり。
■傷
　・外装に使用に差し支えない擦り傷がございます。
■その他
　・中古品のため使用に差し支えない傷、汚れがある場合がございます。
　・本体内外装は清掃しておりますが、多少の汚れが残っている可能性がございます。
　・天板擦り傷 摩耗 左端小さい削れ 背面小さい打痕 底面傷 摩耗 凹み パームレスト傷 摩耗 左端小さい打痕 タッチパッド摩耗あり
　・キーボード特記事項：摩耗 「N」キー文字消えあり
■付属品(下記にOfficeの表記が無い場合はインストールされておりません。また、記載の物以外は付属いたしません。)
　・ACアダプター
■備考
　・macOS Ventura13.5リカバリ済(OS導入済)
※リカバリ完了しておりますので、お届け後すぐにご利用頂けます。
　・MacBookPro15,4 Retina 2019 充放電回数：338回 4237mAh ACアダプター傷 コード部分黄ばみあり
-","71,100",https://jp.mercari.com/shops/product/mfxB4k7XBWNk5YyVJDzpzR,https://assets.mercari-shops-static.com/-/large/plain/p5Y6o7Y7bAhn7YM3HFvC9W.jpg@jpg,TCEダイレクト メルカリ店
64,【良品】MacBookPro 2020 13インチ 16GB 500GB,"【良品】MacBookPro 13インチ A2251 2020 スペースグレイ Core i5 2.3GHz メモリ 16GB SSD 500GB MWP72J/A

メーカー名： Apple
型番: Apple MacBook Pro 13インチ MWP72J/A A2251 
CPU: Intel Core i5 2.3GHz
メモリ: 16GB
ストレージ: SSD 500GB 
グラフィック: Intel Iris Plus Graphics 1536 MB
画面サイズ: Retina 13型ワイド
キーボード: JIS KEY
バッテリー状態: 正常。充放電回数 179回
OSバージョン: OS Big Sur

通常の使用には影響はありません。
キーボード外観が良いです。
画面に目立つ傷やコーティングの剥がれはありません。
購入して1年半ほど使用しました。良品だと思います。
MacBook 新シリーズ購入に伴い出品します。

中古品のため、写真よくご確認頂きご購入ください。

アクセサリー: 純正の充電器
バッテリーは消耗品ので、保証はありません。

注意事項 :
※写真よくご確認頂いてください。
※バッテリーは消耗品ので、保証はありません。
※初期不良以外、クレームは受け付けませんのでご了承の上ご購入ください
画面サイズ...13～14.4インチ

製品年式...2020
CPU種類...Core i5
OS...Mac OS
メモリ...16〜31GB
SSD容量...256～511GB","87,000",https://jp.mercari.com/item/m41290291896,https://static.mercdn.net/item/detail/orig/photos/m41290291896_1.jpg?1692021788,ぞの
65,311 美品MacBook Pro 2019 Thunderbolt3ポートx2,"MacBookPro 13-inch 2019年モデル / 16GB / 256GB



全体的に使用感が少なく、綺麗な状態です。
使用期間が少なく、バッテリーもとても良好で、
程度が良いMacBookを持ちたい方にオススメです。



メモリ16GB SSD 256GBを搭載しておりますので、サクサク動作します。


Touch Bar付きで指紋認証付きになります。
使い勝手良く利用出来ます。


匿名配送ヤマト宅急便配送になります。
速達扱い、日時指定可能になりますので、
希望がある場合取引コメントにてお願い致します。


媒体ルールに沿い、
即購入歓迎で購入者優先です。
ご質問無ければそのまま購入下さい。



メーカー名：Apple
型番：MacBook Pro Ci5-1400
macOS：Monterey
バージョン：12.5
充放電回数：45回 とても良好です。
RAM：16GB
SSD：256GB
液晶：13.3インチ
シリーズ名：A2159
シリアル：FVFC52KVL414
付属品：本体のみ




◇外観状態
画面→綺麗
キーボード→綺麗
track pad→綺麗
外装→綺麗
写真で参照お願い致します。



一通りの動作確認を行なっておりますので、問題なくご利用頂けます。




0311




画面サイズ···13～14.4インチ
製品年式···2019
CPU種類···Core i5
OS···Mac OS
メモリ···16〜31GB
SSD容量···256～511GB","66,500",https://jp.mercari.com/item/m47948847389,https://static.mercdn.net/item/detail/orig/photos/m47948847389_1.jpg?1693462522,ショピ@24時間以内発送
66,"【YO様専用】MacBook Pro 13-inch, 2020","MacBook Pro 13-inch, 2020, Two Thunderbolt 3 ports  スペースグレイ 

CPU 1.4GHz Intel core i5
メモリ 16GB
ストレージ 256GB SSD
バッテリーの状態 正常

約2年間使用していましたが、新しいモデルを購入したので出品致します。

ディスプレイに傷はありませんが、写真9, 10枚目の通りmac book表面に目立つ傷が複数見られます。

箱と説明書は付属しますが、充電器はないためご了承下さい。

シリーズ···MacBook Pro
製品年式···2020
CPU種類···Core i5
OS···Mac OS","70,000",https://jp.mercari.com/item/m52641957733,https://static.mercdn.net/item/detail/orig/photos/m52641957733_1.jpg?1693089145,タナカデス
67,MacBookPro 13インチ 2019 16GB 256GB,"カラー···グレー
CPU種類···Corei5 1.4GHz
画面サイズ···13インチ
OS···Mac OS
メモリ···16GB
SSD容量···256GB
Thunderbolt3×2ポート
USキーボード
バッテリー充放電回数0回

M1への乗り換えのため出品します。
今回出品の為にAppleのサポートでバッテリー交換しております。(交換費用:37,500円)

モニターベゼルゴムの劣化と使用上の細かい傷はありますが、動作に問題ありません。
箱等、付属品も揃っております。

お買い得な値段設定のため、申し訳ありませんが
お値下げ対応不可でご検討下さい。","62,000",https://jp.mercari.com/item/m21174713961,https://static.mercdn.net/item/detail/orig/photos/m21174713961_1.jpg?1670649316,SHIRO
68,MacBook Pro 2019 i5 メモリ16GB SSD 256GB,"MacBook Pro 2019 i5
Two Thunder Bolt 3 portsです。

メモリ: 16GB
SSD: 256GB

TouchBar搭載、純正充電アダプタとHDMI変換器付きです。

２年ほど仕事で使用しておりました。
数カ所にステッカーの日焼けあと(写真一枚め参照)、所々キズ等ありますので写真をご確認ください。
※ステッカー跡はシルバーカラーでマット素材のスキンシールや安価な方法だとマスキングテープで隠すとほぼ気にならない具合になるかと思います。

あくまで使用品ですので神経質な方はご遠慮いただけますと幸いです。

購入したときの箱はないため、別の箱に厳重にお入れする形となります。

ご不明点などございましたらご連絡ください。




カラー···グレー
CPU種類···Corei5
画面サイズ···11インチ～13インチ
OS···Mac OS","46,240",https://jp.mercari.com/item/m43155003337,https://static.mercdn.net/item/detail/orig/photos/m43155003337_1.jpg?1693402610,tokai
69,MacBookPro，13インチ ，2019，メモリ16GB，256GB,"8月16日に、リースアップ品を販売する会社から購入いたしました。しかし、注文後に自分のやりたいことがMacBookではできないということがわかり手放すことにしました。
（自分の下調べ不足です。）

　久しぶりの出品のため、足りない情報がありましたらコメントでお伝えください。できる限り対応いたします。一緒についてきたWPSオフィスfor Macというもののシリアルキー？もおつけします。
仕様
Apple MacBook Pro 
13.3インチ
2019モデル
シルバー
型番［MV992J/A］
CPU［Core i5 2.4GHz］
メモリ［16GB］
ストレージ［256GB SSD］

商品の状態
［見た目］ショップにて［Cランク並品］でした。画面の傷や汚れは確認できませんでしたが、側面や背面は禿げたり小傷がついています。付属品のケーブルは片方の先が変色しており、電源プラグも小傷がたくさんついています。（白なので目立ちませんが、光にかざすとよく見えます。）管理用なのか、バーコードのシールが貼ってあります。
［バッテリー］劣化具合をどうやって確認すればいいのかわかりませんが、放電回数や状態は写真をご覧ください。（8月18日時点の状態です。）初期化後、スリープ状態にして購入時の箱に入れて保管してあります。

梱包方法
　中古で買った時の箱がそのまま残っているので、それに入れて発送いたします。

　個人の中古品出品ですので、ショップのような動作保証はありません。申し訳ありません。ご承知の上ご検討頂ければと思います。らくらくメルカリ↔︎ゆうゆうメルカリはかわるかもしれません。","59,000",https://jp.mercari.com/item/m74638481074,https://static.mercdn.net/item/detail/orig/photos/m74638481074_1.jpg?1692339923,むちむち肉だんご
70,macbook pro a1502 13.3インチ i5 16G 256GB,"macbook pro a1502
ディスプレイサイズ...13～14.4インチ
CPU種類...Core i5
メモリ...16GB
SSD容量...256GB

OS Monterey 再インストール済み

裏蓋にすりキズ有りますが全体的に綺麗だと思われます
サウンドの出力装置が認識されず内蔵スピーカーから音が出ない為Bluetoothスピーカーにて使用していました
上記理由によりジャンク扱いとさせて頂きますので御理解よろしくお願い致します
互換ACアダプタ付

値下げ等はタイミングをみながらおこないますのでお願い致します","22,000",https://jp.mercari.com/item/m71885238298,https://static.mercdn.net/item/detail/orig/photos/m71885238298_1.jpg?1692800083,ゆむ
71,MacBook Pro 2019 13インチ　16GB 256GB USキー,"APPLE MacBook Pro MACBOOK PRO MV9A2J/A


CPU intel corei5 1.4GHz
メモリ16GB
ストレージ256GB
使用感はありますが、大きな傷は無いと思います。


BLUETOOTH有
CPUメーカー: INTEL
TRUE RESOLUTION: WQXGA
color: SILVER
グラフィックアクセラレーター: チップセットに内蔵
グラフィックチップブランド: Intel
ストレージ種類: SSD 256GB
チップセットブランド: INTEL
チップセット種類: CPUに内蔵
パソコン・タイプ: ポータブルパソコン
パソコン・タイプ(新): コンパクトノート
プロセッサタイプ4: Core i5 1.4GHz
モニタワイドタイプ: ワイド
指紋認証機能有
無線通信機能: IEEE802.11a/b/g/n/ac
生体認証機能: 指紋認証
解像度種類(新): 2560X1600



画面サイズ···13～14.4インチ

製品年式···2019
CPU種類···Core i5
OS···Mac OS","64,000",https://jp.mercari.com/item/m28324729307,https://static.mercdn.net/item/detail/orig/photos/m28324729307_1.jpg?1690933611,エクシア
72,【英語キーボード】MacBook Pro Mid 2020 A2289,"MacBook Pro スペースグレー 2020モデル

Model：A2289

Intel Mac
メモリ：8GB→16GB
キーボード：USキーボード(純正)

希少なUS配列キーボードです。
日本語配列アレルギーな方どうでしょうか？

Intel Mac です。
2020年8月頃に約17万で新品で購入

購入時よりハードカバーをつけていたので美品です。目立つ傷はありません。

自宅のみで使用してました
(タバコ吸いません、ペットいません)

1.4GHzクアッドコア第8世代Intel Core i5
画面サイズ：13.3 インチ
SSD：256 GB
メモリ：16GB(増OP)
バッテリー充電回数：47(8/8時点)

macOS 13.5
初期化して発送します

その他仕様については、「macbook a2289」などで検索してください。

付属品は
充電器
USB-Cケーブル
元箱
外箱

です。

使用頻度は少ないですが、あくまで中古である事をご理解ください。







画面サイズ···13～14.4インチ

製品年式···2020
Mac製品時期···Mid(中期)
CPU種類···Core i5
OS···Mac OS
メモリ···16〜31GB
SSD容量···256～511GB","81,000",https://jp.mercari.com/item/m10147488834,https://static.mercdn.net/item/detail/orig/photos/m10147488834_1.jpg?1691308827,hidenim
73,MacBook Pro 13inch 2020年モデル　16g 256g,"注意⚠️
購入前に一言宜しくお願いします。
値下げ、取り置き等は対応致しません。
宜しくお願いします。

ちょっと前にメルカリ様に出品されていたものを購入いたいました。(元の持ち主は2020/6/25に購入とのこと、元持ち主も全然使用していませんでした)
それ以降ほぼ使用しておらず、宝の持ち腐れなので売ることにしました。。

画像上のものが全てです。
おまけで液晶フィルム(貼付済)、キーボードカバー、トラックパットカバー(貼付済)、持ち運びケースもお付けいたします。
また、下部にmjextandもついております。


充電回数は37回程です。

以下性能です。
第8世代の1.4GHzクアッドコアIntel Core i5プロセッサ（Turbo Boost使用時最大3.9GHz）
16GB 2,133MHz LPDDR3メモリ
256GB SSDストレージ
True Tone搭載13インチRetinaディスプレイ
Intel Iris Plus Graphics 645
Thunderbolt 3ポート x 2
Touch BarとTouch ID

製品年式···2020
CPU種類···Core i5
OS···Windows10
メモリ···16〜31GB
SSD容量···256～511GB
HDD容量···～499GB

画面サイズ···13～14.4インチ","77,500",https://jp.mercari.com/item/m90120533725,https://static.mercdn.net/item/detail/orig/photos/m90120533725_1.jpg?1691423748,なーくん@プロフ必読
74,Apple Macbook Pro MF840J/A A1502　Early2015 選べるOS Monterey or Bigsur [Core i5　5527U 2.7GHz 16GB SSD256GB 無線 BT13.3インチ macOS ] :良品,"■中古パソコン 保証3ヵ月　


本体型番 : AppleMacBookProCI5-2700　  MF840J/A
CPU : Intel Core i5　5527U 2.7GHz
メモリ : 8GB(増設不可)
SSD : 256GB(増設不可)
液晶サイズ/解像度 : Retinaディスプレイ 13.3インチ 2560x1600/WQXGA
Intel Iris Graphics 6100
無線LAN : 　有
Bluetooth :有
重量 :1.58 kg
OS :MacOS Monterey 12.0.1 またはMacOSBigSur11.6　からご選択可
付属品 :ACアダプタ(社外品になります)
良品:小キズや擦れなどはありますが全体的な状態はまずまずきれいです。
動作はもちろん快適品!是非ご検討くださいませ。","59,980",https://jp.mercari.com/shops/product/zFDi82ApWSmfH5aQQUDYJA,https://assets.mercari-shops-static.com/-/large/plain/G2moJpGgWSEZHh7snPtHNo.jpg@jpg,ぱそ吉
75,KenVil様専用　ジャンク MacBook Pro 13-inch 2019,"液晶が故障してラインが入っています。
使用は可能です、動作は問題ないです。
ジャンク扱いとします。

裏面に汚れがあり、全体的に細かい傷があります。
画面、キーボードにも細かい汚れがあります。

付属品は外箱のみとなります。充電器はつきません。
ご理解の上ご購入ください。

Apple MacBook Pro 13-inch 2019 Thunderbolt 3ポートx2 A2159

モデル/型番：13-inch 2019 Thunderbolt 3ポートx2 
CPU：1.4GHz Intel Core i5 
メモリ：16GB
ストレージ：256GB SSD

画面サイズ···13～14.4インチ

OSはCatalina, クリーンインストール済みです。
値下げ交渉可能です。","30,000",https://jp.mercari.com/item/m85696052288,https://static.mercdn.net/item/detail/orig/photos/m85696052288_1.jpg?1690931253,f
76,MacBook Pro 13インチLate 2011 ★SSD　メモリー16GB,"MacBook Pro 13インチ Late 2011です。MacOS High Sierra 10.13にアップデート。
筐体、ディスプレイ、キーボード周りも綺麗です。裏ブタネジ全部あります。
キーボードカバー付。
バッテリー充電回数42回と状態が大変良いです。
充電ケーブルにつながなくても作業が出来ます。
ストレージはSSD256GB、Core i5、メモリ16GBでサクサクです。
起動も早く快適に作業が出来ます。
動作確認済です。トラックパッドのスムーズにクリック出来ます。
状態、調子は凄くいいと思います。
【付属品】ACアダプター付き。


プロセッサ: 2.4 GHz Intel Core i5
メモリ: 16GB 
ストレージ: SSD 256GB
OS: MacOS High Sierra 10.13 　
筐体:高精度アルミニウム製Unibody
WEBカメラ DVD スーパーマルチ Thunderbolt (MiniDisplayPort)


画面サイズ...13～14.4インチ

Mac製品時期...Late(後期)
CPU種類...Core i5
OS...Mac OS
メモリ...16〜31GB
SSD容量...128～255GB","19,800",https://jp.mercari.com/item/m72181452113,https://static.mercdn.net/item/detail/orig/photos/m72181452113_1.jpg?1692082716,ひめ
77,Macbook Pro Core i5 16GBメモリ 128GBSSD,"Macbook Pro 2019モデルです。
色はスペースグレイです。
13インチ
CPU Corei5
メモリ 16GB
SSD 128GB

使用感はありますが、ソフトケースに入れて保管していましたので、小傷などは少なく、表面も綺麗です。
右奥の角に軽い凹みが有ります。(写真添付)
それゆえ、「やや傷や汚れあり」のステータスにしておりますが、全体的には綺麗な状態だと思います。

メモリ16GBなので、動作は非常に快適です。

Windowsメインの仕事が増えたので、出品いたしますが、まだまだ全然使えるモデルです。

是非ご検討宜しくお願い申し上げますm(_ _)m

CPU種類···Corei5
OS···Mac OS
メモリ···16GB～32GB未満
SSD容量···128GB～256GB未満
重量···1.0kg～1.5kg未満","52,000",https://jp.mercari.com/item/m35546389638,https://static.mercdn.net/item/detail/orig/photos/m35546389638_1.jpg?1684154544,Hiro
78,【即発送】Macbook Pro 13 / Core i5 / スペースグレイ,"深夜などでなければお支払いから発送まで早ければ5分、大抵6時間以内に清掃、初期化、アクティベーションロック解除の上で発送します！

●使用状況
室内のみで利用しました。中古品ですので多少の傷がありますが全て正常に動作します。修理歴ありません。

●バッテリーについて
Apple公式はバッテリー充放電回数1000回を目安としています。本製品は現時点で326回で、バッテリーに異常ありません。

●スペック
Appleオンラインストアでメモリを増強して購入しています！

購入年···2020年
購入価格···約20万円
画面サイズ···13.3インチ
製品年式···2019
CPU種類···Core i5
OS···Mac OS Ventura（最新）
メモリ···16GB（増強）
ストレージ···256GB
バッテリーの状態···正常
付属品···本体・充電器
機能···Touchバー、指紋認証など

            ","64,680",https://jp.mercari.com/item/m19983139047,https://static.mercdn.net/item/detail/orig/photos/m19983139047_1.jpg?1691478107,み
79,【訳アリ】MacBook Pro (13インチ/16GB/256GB/i5),"（値下げ対応可能ですので、希望価格があればコメント欄に投稿お願いいたします。）
US キーボードです。
全体に保護シールを貼っていたため、本体に目立った傷はございません。

付属品：ACアダプタ、充電ケーブル、箱、保護フィルム1枚
※アダプタとケーブルは新品未使用です。
※画像にあるもので全てです。
※箱みは傷があります。


【訳あり理由】
トラックパッドのクリック感がないです。
カーソル操作やクリック、スワイプ動作などの操作は問題なくできるのですが、タップしてもマウスみたいなカチッというクリックした感覚がありません。
こちらは購入時にはちゃんと動作したのですが使用中にある日突然動作しなくなってしまいました。
もしかしたら復旧方法があるかも知れませんが、私は分からないので購入者様の自己責任で直すかそのままご使用ください。

それ以外の動作確認は問題ありません。
ご購入後の返品は受け付けておりませんので、ご了承ください。


カラー···スペースグレー
画面サイズ···13インチ
製品年式···2019
CPU種類···Core i5
メモリ···16GB
SSD容量···256GB
充電回数···312回","50,000",https://jp.mercari.com/item/m60850174564,https://static.mercdn.net/item/detail/orig/photos/m60850174564_1.jpg?1691305244,てるてる坊主☆
80,"Fx500様専用MacBook Pro 2020 13インチ, i5 16GB","【即購入可】RAM 16GB
MacBook Pro (13-inch, 2020,two-Thunderbolt3)のCTOカスタマイズ版です。
RAMを16GBに増強してあります。

新品で購入してから3年間、自宅で外付けキーボードとマウスを繋ぎ、デスクトップPC代わりに使ってきました。
事務作業やネットサーフィンが殆どで、動画編集など負担の掛かる作業はしていません。
先週まで現役で使っていたので、動作も私の見た限りでは問題ないかと思います。

Intel製CPU搭載モデルなので、最新機種のようにアプリやドライバが対応していないケースも少ないと思われます。
macOS標準のBoot Campを使えば、別途ライセンスを購入することでWindowsを使うことも可能です。

即購入可！

【発送について】
匿名配送
初期化後、本体を写真の化粧箱に入れ、さらに外箱に入れた状態で発送致します。
原則入金確認から1〜2日中に発送予定です。

【スペック】
CPU……Intel core i5 1.4GHz
RAM……16 GB
ストレージ……256GB SSD
OS……macOS Ventura 13.4.1

【コンディション】
〇充放電回数……57回
〇電源コード……あり（やや経年汚れあり）
〇ACアダプター……あり
〇外箱……あり

本体、ディスプレイともに目立つ傷や汚れはありません。
中古品であることをご理解頂ける方のみ、ご購入ください。



製品年式···2020
画面サイズ···13～14.4インチ
CPU種類···Core i5
OS···Mac OS
メモリ···16〜31GB
SSD容量···256～511GB
製品年式···2020
画面サイズ···13～14.4インチ
CPU種類···Core i5
OS···Mac OS
メモリ···16〜31GB
SSD容量···256～511GB","72,999",https://jp.mercari.com/item/m66845294523,https://static.mercdn.net/item/detail/orig/photos/m66845294523_1.jpg?1689482102,りんご
81,MacBook Pro A1708 i5 16GB 256GB,"商品名：MacBook Pro 13inch A1708
CPU：2GHz デュアルコア Intel Core i5
メモリ：16GB 1867 MHz LPDDR3
グラフィックス：Intel Iris Graphics 540 1536 MB
ストレージ：256GB

商品状態
OS初期化済み。かつ正常動作が確認できております。
バッテリーの状態は正常で、充放電回数は105回となっております。
元箱、ACアダプターは付属しませんのでMacBook本体のみの販売となります。

※ほとんど気にならない傷になりますが、アップルのロゴにうっすら一本線のような傷が入っております（写真に載せようと思いましたが、薄すぎて撮影できませんでした）、気になる方は購入を控えるようお願いいた致します。","35,000",https://jp.mercari.com/item/m18028760016,https://static.mercdn.net/item/detail/orig/photos/m18028760016_1.jpg?1690187790,Tomorokoshi
82,MacBook Pro メモリ16GB SSD256GB てて丸様　専用,"購入前にご注意ください。
説明文をご確認いただき入札よろしくお願い致します。
3日間以内に入金出来る方購入お願いいたします。

Apple MacBook Pro2017/13inch/CPU Intel Core i5/16GB/SSD256GB/Office2021
管: 13872-177

MacOS: Catalina
画面サイズ: 13.3インチ
画面解像度: Rentina(2560x1600)
CPU: intel Core i5 2.3GHz Turbo Boost 3.6GHz
メモリ: 16GB 2133MHz LPDDR3
ストレージ: 高速SSD 256GB
入力ポート: 2xThunderbolt3、ヘッドフォンジャック3.5mm。
重量: 1.37kg 
バッテリー状態:　63回　正常
iSightカメラ 、Bluetooth 、Wifi、Air Drop、TrackPadなど便利機能満載。
付属品: 充電器や箱などなく、本体のみです。

-動作確認済みです。問題無く安心してください。
-デスクトップの背景を白にすると少しムラがあります。
-ハッテリーは消耗品のため保証対象外てす。
-中古品の為、傷・小傷・使用感等はご了承ください。

※Microsoft Office 2021: Word, Exel, Powerpoint, Outlook, Onenote 
全てのソフトが入っているパック ライセンス認証済み、すぐ使えます。

※発送方法: 東京からヤマト発送になります。
入金確認は15:00に行っております。15:00以降の入金に関しましては翌営業日が最短の発送日となります。

モデル:           

在庫一覧は下記からご覧下さいませ。","45,900",https://jp.mercari.com/item/m31148085802,https://static.mercdn.net/item/detail/orig/photos/m31148085802_1.jpg?1688806005,Macintosh
83,【ジンチャン様専用】MacBook Pro 2019 13インチ,"MacBook Pro 2019 13インチ i5 16GB 256GB

2020年1月頃に購入し、2年ほどコーディング作業で使用していました。
外に持ち出す事はほぼ無かったため、外周に傷は無く、画面も綺麗な状態を保っています。
使用に伴い、多少キーボードの劣化はありますが、ヘタリなども無く、まだまだお使いいただけると思います。

メモリを通常8GBから16GBへ増強しておりますので、4K動画編集もサクサクこなせます。
また、キーボードはお洒落なUSキーボードにしております。

工場出荷状態にしておりますので、お受け取り次第すぐにご使用いただけます。

機種名：MacBook Pro 13 シルバー
プロセッサ名：Core i5
メモリ：16GB
容量：256GB
充放電回数：281回
付属品：充電アダプター、充電ケーブル、箱
その他：使用していたハブをお付けします。","64,000",https://jp.mercari.com/item/m85996687689,https://static.mercdn.net/item/detail/orig/photos/m85996687689_1.jpg?1689720541,そとあそび
84,MacBookPro,"シリーズ···MacBook Pro
製品年式···2020
画面サイズ···13～14.4インチ
CPU種類···Core i5
OS···Mac OS
メモリ···16〜31GB
SSD容量···256～511GB

大学で使用しておりましたが、使用機会が無くなったため出品致します。表面に若干の傷がありますが、トラックパットや画面、キーボードには汚れや傷はありません。画面にはフィルムが貼ってあります。
充電器と購入時の箱、説明書をつけて発送致します。

13inch 16GB／256GB 2020モデル","67,500",https://jp.mercari.com/item/m73408832700,https://static.mercdn.net/item/detail/orig/photos/m73408832700_1.jpg?1688039629,おにぎり君
85,MacBook Pro 13inch 2020 16GB 256GB,"MacBook Pro 13inch 2020 16GB 256GB スペースグレー
製品年式...2020
画面サイズ...13inch
CPU種類...Core i5
OS...Mac OS
メモリ...16GB
SSD容量...256GB

使用しなくなったため出品いたします。

箱、説明書、充電器あります。","70,000",https://jp.mercari.com/item/m13873007755,https://static.mercdn.net/item/detail/orig/photos/m13873007755_1.jpg?1689480006,よね
86,APPLE MacBook Pro 2019 13インチ,"APPLE MacBook Pro MACBOOK PRO 2019

主に写真編集で使ってましたが、頻度はそれほど多くはありませんでした。そのため充電回数は低めです。
購入した際は、270,000円ほどしたと思います。

・TYPE-cのポートが4つあります。
・メモリを16Gに増設してあります。
・充電機とsatechiの外付けハブがつきます。

詳しい商品詳細については画像情報からお調べ頂ければと思います。

シールはそのままで販売を予定しておりますので、不要な場合は連絡ください。剥がす場合は、多少の糊残り等はご容赦ください。
その他ご質問あればコメント下さい。

BLUETOOTH有
CPUメーカー: INTEL
color: GRAY
ストレージ種類: SSD（256GB）
チップセットブランド: INTEL
プロセッサタイプ4: CORE I5
指紋認証機能有
無線通信機能: IEEE802.11a/b/g/n/ac","68,500",https://jp.mercari.com/item/m21483376890,https://static.mercdn.net/item/detail/orig/photos/m21483376890_1.jpg?1674351196,Anton
87,MacBook Pro (16GB/256GB/13-inch/Corei5),"APPLE MacBook Pro (13-inch, 2019, Thunderbolt 3ポートx 2)
https://support.apple.com/kb/SP799?locale=ja_JP

未使用に近い美品です！！
使用しなくなったため出品します！
・充電回数　44回
・日本語 キーボード
・付属品完備　➕　MacBookケース付き

※目立った傷や汚れはありませんが
　神経質の方はご遠慮ください！

何かご質問、ご相談ございましたら、
コメント欄によろしくお願いいたします！

#Apple
#APPLE

シリーズ...MacBook Pro
製品年式...2019
画面サイズ...13インチ
CPU種類...Core i5
OS...Mac OS
メモリ...16GB
SSD容量...256GB

システム構成:
第8世代の1.4GHzクアッドコアIntel Core i5プ‍ロ‍セッサ（Turbo Boost使用時最大3.9GHz）
Intel Iris Plus Graphics 645
16GB 2,133MHz LPDDR3メモリ
256GB SSDストレージ
True Tone搭載Retinaディスプレイ
Thunderbolt 3ポート x 2
Touch BarとTouch ID
バックライトキーボード - 日本語","63,000",https://jp.mercari.com/item/m13749027057,https://static.mercdn.net/item/detail/orig/photos/m13749027057_1.jpg?1689409836,光が丘住民
88,【2022年OS】Macbook Pro 13 メモリ16GB SSD i5,"TP285
MC101

↓こちらから他の商品がご覧になれます
#にこさんパソコン

【メルカリPC顧客満足度No.1】
PCを1200台以上皆様の元へお届けし、100%の方から「良かった」の評価を頂いております。
メルカリでパソコンを買うことに不安を感じている方のお力になれればと思います(^^)

【このPCの特徴】
Macbook Pro A1278 13インチ
▪️2022年リリース
MacOS Monterey搭載
▪️メモリ16GB搭載
▪️intel core i5 搭載
▪️【交換済み】SSD搭載(HDDの10倍の読み込み速度)
▪️256GBストレージ
▪️【交換済み】バッテリ付き
▪️充電回数5回(正常)
▪️【純正】充電器付き

最新版のOSがある場合はアップグレードしてからお送りする場合がございます。

Microsoft office( オフィス )と互換性のあるoffice入りで word, excel, power point (ワード エクセル パワーポイント )と同じようにお使い頂けます。
文章作成、表計算、プレゼンの資料作成などが出来ます。

【格安の理由】
保管するスペースが無いので早く販売したいと考えております。
写真に写らない傷や汚れがあるのでご了承ください
他の方より安く出品しています。
即購入の方を優先いたしますm(_ _)m

早い者勝ちなのでどなたでもご購入ください","64,800",https://jp.mercari.com/item/m13646608573,https://static.mercdn.net/item/detail/orig/photos/m13646608573_1.jpg?1689388625,にこさん※即購入大歓迎
89,Macbook Pro 2019年式 13.3型 Core i5 メモリ16GB,"Apple Macbook Proです。  
　   
2019年式　13.3インチ
Touch Bar付き
Core i5 クアッドコア1.4GHz
メモリ16GB
ストレージ 256GB SSD

本体と充電器とUSBケーブルのみです。
ケーブルが写真の通り、一部黄ばみがあります。また、外側の数ヶ所に細かい傷があります。通常使用の損耗の範疇と思いますのでご了承願います。

動作は問題ございません。 
充放電回数は63回でした。　
　
よろしくお願いいたします。","63,000",https://jp.mercari.com/item/m11618285241,https://static.mercdn.net/item/detail/orig/photos/m11618285241_1.jpg?1688896566,ryo
90,[新品未開封]MacBook Pro 13インチ 2020,"MacBook Pro 13インチ 2020
Model No. A2289 

新品未開封となります。
スペックの詳細は下記をご参照ください。 

■液晶サイズ：13.3インチ 
■CPU：Core i5/1.4GHz/4コア 
■ストレージ容量：SSD 256GB
■メモリ容量：16GB
■光学ドライブ：無
■ネットワーク：無線 802.11ac Wi-Fi
■接続端子：マイク入力 / ヘッドホン出力 / Thunderbolt 3 (USB Type-C)
■内蔵機能：WEBカメラ / Bluetooth
■付属品：電源アダプタ / ACケーブル
■「True Tone」搭載Retinaディスプレイを採用
■「Touch Bar」と「Touch ID」を装備

2020年にAppleオンラインでカスタマイズ購入しました。
購入時にメモリを16GBにアップグレードしています。

初期不良等の不具合はメーカーサポートにてご対応お願い致します。 
よろしくお願い致します。 ","130,000",https://jp.mercari.com/item/m41512337377,https://static.mercdn.net/item/detail/orig/photos/m41512337377_1.jpg?1689133158,ぶんご
91,【美品】MacBook Pro 13インチ 2020 メモリ16GB 500GB,"室内で映画鑑賞だけのために使っていました。
タッチパッドやその周辺も保護シールをつけているので、傷はほぼありません。
キーボード部分にもカバーをして画面にカバーしているので、出荷時からほぼ新品の状態です。

外側の一部に傷ありましたので、最後の写真でご確認ください！
ほぼ肉眼でもわからない程度の傷です

諸々全く正常に動きます。

またご不明な点があれば、お気軽にコメントしてください✨

製品年式···2020
画面サイズ···13～14.4インチ
CPU種類···Core i5
OS···Mac OS
メモリ···16〜31GB
SSD容量···256～511GB","100,000",https://jp.mercari.com/item/m58496562326,https://static.mercdn.net/item/detail/orig/photos/m58496562326_1.jpg?1688707610,スポンジ
92,"2020 intel Pro Retina 16GB, 13-inch","※安心のメルカリ便配送です。

MacBook Pro (Retinaディスプレイ, 13-inch, 2020) スペースグレイ　16GB 256GB JIS配列　Touch bar Touch ID

M2proを購入し不要になった為、出品します。
Apple Storeより2020年に新品で購入しました。
購入後Macminiを購入したので使用頻度は少なく室内のみでした。

付属品
本体、ケーブル、コンセント、箱、説明書類

画面、画面の淵も状態は良く、キーボード共に状態は良くテカリなども御座いません。筐体に凹み、くすみもありせん。

最後の写真のような凝視しなければ分からない細かい傷は数箇所御座います。

付属品も全て揃っており、別のコードを使っていましたので綺麗な状態を保っています。

デメリットとしては
綺麗ではありますが中古品であることと、
放電回数がやや多めとなっておりますが最大容量が4500mAなので十分あります。

直接触れるものですのでアルコールで時間をかけて、できる限りの清掃はさせて頂きました。
ご覧になりたい写真があれば載せますのでお気軽にコメント下さい。
あくまで中古品ですので神経質な方は取引をご遠慮下さい。
アクティベーションロック解除・初期化して発送いたします。

あまりに低評価が多い方は取引をお断りさせて頂く場合がございますのでご了承ください。

ご質問等あればお気軽にコメント下さい。



シリーズ···MacBook Pro
製品年式···2020
画面サイズ···13～14.4インチ
CPU種類···Core i5
OS···Mac OS
メモリ···16〜31GB
SSD容量···256～511GB","75,900",https://jp.mercari.com/item/m11253671280,https://static.mercdn.net/item/detail/orig/photos/m11253671280_1.jpg?1688822118,ペットなし、非喫煙さん
93,MacBookPro 2020 16GB 256GB i5,"★値下げ交渉お気軽にどうぞ
色　スペースグレー
製品年式　2020 
シリーズ　MacBook Pro 
画面サイズ　13インチ 
CPU　Corei5
プロセッサ　1.4GHz クアッドコアIntel Core i5 
メモリ　16GB 
SSD容量　256GB 
充放電回数：376回(1,2回増えている可能性があります)
バッテリー状態:正常
バッテリー最大容量：4200（mAh）

箱あり、充電器なし。
公式から購入。
起動不良なし。
底面に保護シールが貼ってあります。
2年強ほど使用いたしましたので、外装に多少傷があります（画像参照）
中古品ですので、ご理解のある方のみご購入をお願い致します。","65,000",https://jp.mercari.com/item/m15298177936,https://static.mercdn.net/item/detail/orig/photos/m15298177936_1.jpg?1687178269,なすび太郎
94,macbook pro 2020 13インチ i5 メモリ16GB,"MacBook Pro (13-inch, 2020, Two Thunderbolt 3 ports)

2020年に購入し、主に自宅用で使用いたしました。充放電回数は300回程です。

画面やキーボードは綺麗な状態です。

外側の傷は写真6枚目をご確認ください。
右手を添えるところに少し傷があります。
充電器には少し使用感がございます。
中古品のため、気にされる方のご購入はお控えください。

付属品は箱、充電器など全てあります。

初期化して発送いたします。

＊Officeはつきません。

シリーズ···MacBook Pro
製品年式···2020
画面サイズ···13インチ
CPU種類···Core i5
OS···Mac OS
メモリ···16GB
SSD容量···256GB","75,000",https://jp.mercari.com/item/m84098621997,https://static.mercdn.net/item/detail/orig/photos/m84098621997_1.jpg?1688817687,はら
95,【ジャンク品】MacBook Pro 2020 メモリ16gb,"本体のみで付属品はありません。

ディスプレイ左下に欠けたような傷、本体に擦れ傷あります。
使用自体に問題はありませんが上記理由によりジャンク品としての出品となりますのでご理解の程お願いします。


MacBook Pro (Retinaディスプレイ, 13-inch, 2020, Two Thunderbolt 3 ports) シルバー MXK62J/A

画面サイズ：13.3インチ CPU：第8世代 Core i5/1.4GHz/4コア ストレージ容量：SSD：256GB メモリ容量：１６GB","67,500",https://jp.mercari.com/item/m10266175166,https://static.mercdn.net/item/detail/orig/photos/m10266175166_1.jpg?1686370533,dino
96,MacBook Pro mid2012 MD101J/A,"※再出品しました

2019年にユーズド品でフリマサイトにて購入しましたが
使用頻度が少なくお譲りに出します。
DVD等問題なくお使いいただけます。
PCケース(無印良品で購入)、付属品をおつけします。
PCが入っていた箱の縁をガムテープで止めて配送します。

↓ 仕様(当時購入時、充電回数更新済み)
ディスプレイ：13インチ 
CPU：Core i5 2.5GHz〜3.1GHz
メモリ：16GB
ストレージ：SSD 256GB
GPU : Intel HD Graphics 4000
バッテリー充放電回数：約284回(純正バッテリー)
バッテリー状態：正常
付属品 : MagSafe電源アダプタ
商品状態：中古 

【接続および拡張性】
MagSafe電源ポート
ギガビットEthernetポート x 1
FireWire 800ポート（最大800Mbps）x 1
USB3ポート（最大5Gbps）x 2
Thunderboltポート（最大10Gbps）x 1
ヘッドフォンポート
SDXCカードスロット
8倍速SuperDrive","17,500",https://jp.mercari.com/item/m51995081658,https://static.mercdn.net/item/detail/orig/photos/m51995081658_1.jpg?1687571688,だあこ@断捨離中＊プロフご一読ください
97,"MacBook Pro (13-inch,2019,16GB,256GB)","アップル　ノート型パソコン

シリーズ：MacBook Pro (13-inch, 2019, Two Thunderbolt 3 ports)
製品年式：2019
色：シルバー
画面サイズ：13インチ
CPU種類：Intel Core i5 クワッドコア 1.4GHz
メモリ：16G
SSD容量：256GB
充放電回数：12回
OS：Ventura最新

【付属品】
電源アダプタ
充電ケーブル

予備機でしたので
使用頻度は非常に少なく美品です。
新品購入
バッテリーも問題ありません。
データ消去済

念のため
アップル表参道店にて、OS再インストール
併せて動作確認済

ネット接続して、画面指示通り進めば
すぐご使用可能です。　　

購入時の箱が見つからず
お付けできません。
ご承知ください。

画面サイズ···13～14.4インチ
シリーズ···MacBook Pro
製品年式···2019
CPU種類···Core i5
OS···Mac OS
メモリ···16〜31GB
SSD容量···128～255GB","65,000",https://jp.mercari.com/item/m28570897396,https://static.mercdn.net/item/detail/orig/photos/m28570897396_1.jpg?1688198571,もてねん
98,MacBook Pro 13インチi5 1.4GHz Mid 2019,"※値下げ交渉不可・オファー不可。ご質問は随時受付中。

4年間ほど簡単な動画編集や資料作成、画像加工に使用していましたが、新しいものを購入したため出品致します。

動作：　　　　問題なし
CPU：             i5 1.4GHz
メモリ：          16GB
ストレージ：   256GB SSD
キーボード：   JIS  バックライト搭載
ディスプレイ：13インチ Retina 
充電回数：       913回 要バッテリー交換
MacOs :           Ventura 13.4.1（最新）
保証 :                なし
パスワード：    1991（データの初期化と初期設定済み）

充電器や箱などは全て揃っております。

【キズについて】
ハードケースとディスプレイ用のフィルム、キーボードカバーを貼って使用したため、目立った傷はありません。

【要バッテリー交換について】
充電回数が913回のため、バッテリーを交換する必要があります。
ご購入後、バッテリー交換を申し込みAppleに郵送して37,500円（税込）で交換可能。
macbook pro の構造上、バッテリー交換をするとキーボードも一緒に交換してくれるのでお得です。

【付属品】
正規品に付属していたコードとacアダプターが付属します。箱付き。箱は表面が少し凹んでおります。

＊返品、返金は対応致しかねます。
状態は良い方だと思いますが、あくまで中古品ですので、ご理解のほどよろしくお願いします。","46,000",https://jp.mercari.com/item/m62274588122,https://static.mercdn.net/item/detail/orig/photos/m62274588122_1.jpg?1687749054,あや
99,MacBook Pro 2019 13インチ メモリ16GB,"あまり外に持ち歩かなかったので目立った傷はありません。
スペックは写真の通りで、購入時にメモリ/SSDを拡張してます。
充電回数も21回と少ない状態です

スペースグレー
メモリ16GB
ストレージ256GB
core i5
USキーボード
元箱あり","70,000",https://jp.mercari.com/item/m32697741861,https://static.mercdn.net/item/detail/orig/photos/m32697741861_1.jpg?1686727350,大澤祐介
100,期間限定値下げ中　MacBook Pro Retina 13インチ,"Apple MacBook Pro Retina 13インチ Core i5 1.4GHz/RAM 8GB/SSD128GB/スペースグレイ
MUHN2J/A Model No. A2159
2019年モデル

こちらの商品使わなくなった為に出品致します。2020年ごろに購入して数回使用していました。ですがデスクトップを買ってから使うことが無くなり今回の経緯に至ります。


充放電回数も浅いので長くお使いいただけると思います！

持ち運びの際はケースに入れて運んでいたので傷などはございません。
ケースもお付けいたします。

バッテリーも正常になります。
初期化なども終わってますので届いたらすぐお使い頂けます。


⚠️70000円→62000円に値下げ中⚠️
戻す可能性御座いますのでご注意ください！


BLUETOOTH有
CPUメーカー: INTEL
TRUE RESOLUTION: WQXGA
color: スペースグレイ
グラフィックアクセラレーター: チップセットに内蔵
グラフィックチップブランド: Intel
ストレージ種類: SSD
チップセットブランド: INTEL
チップセット種類: CPUに内蔵
パソコン・タイプ: ポータブルパソコン
パソコン・タイプ(新): コンパクトノート
プロセッサタイプ4: Core i5
モニタワイドタイプ: ワイド
メモリ···8GB～16GB未満
画面サイズ···13インチ～14.5インチ
SSD容量···128GB～256GB未満
指紋認証機能有
無線通信機能: IEEE802.11a/b/g/n/ac
生体認証機能: 指紋認証
解像度種類(新): 2560X1600






カラー···グレー
CPU種類···Corei5
OS···Mac OS






シリーズ···MacBook Pro
製品年式···2019
画面サイズ···13～14.4インチ
メモリ···8～15GB
SSD容量···128～255GB","62,000",https://jp.mercari.com/item/m37412267535,https://static.mercdn.net/item/detail/orig/photos/m37412267535_1.jpg?1687331049,あめちゃん
101,【箱付き】MacBook Pro 2019 SSD256GB / メモリ16GB,"3年前に購入した13インチMacBook Pro2019年モデルになります。メモリは8→16GBにアップグレードしています。
キーボード面にシール跡がございますが、使用上の不具合はございません。
箱、バッテリー、ケーブルも揃っています。
バッテリー充放電回数は94回、状態も正常です。
写真の通り、初期化の上送付いたします。

以下詳細です↓
・第8世代の1.4GHzクアッドコアIntel Core i5プロセッサ（Turbo Boost使用時最大3.9GHz）
・16GB 2,133MHz LPDDR3メモリ
・256GB SSDストレージ
・True Tone搭載Retinaディスプレイ
・Intel Iris Plus Graphics 645
・Thunderbolt 3ポート x 2
・Touch BarとTouch ID
・バックライトキーボード - 日本語（JIS）","65,000",https://jp.mercari.com/item/m13657130602,https://static.mercdn.net/item/detail/orig/photos/m13657130602_1.jpg?1687046726,mimaima
102,13インチMacBook Pro 2019 16GB - スペースグレイ,"■システム構成
1.4GHzクアッドコアIntel Core i5プロセッサ
Intel Iris Plus Graphics 645
16GB 2,133MHz LPDDR3メモリ
256GB SSDストレージ
Mac OS Ventura 13.4

■バッテリー状態
充放電回数：130
状態：正常
＊出品掲載時の情報ですので、ご購入時には多少のズレが有る場合があります。ご了承ください。

■使用状況等
2020年に購入。ほぼ自宅にて外部ディスプレイ、外部キーボードを繋いで動作しておりました。ほぼ外には持ち出しておりませんので、目立った傷や汚れは、私の見る限りではありません。
初期化済みですので、ご購入後はお客様にて初期セットアップから開始となります。

■同梱品等
購入時の箱、同梱品はそのままお付けいたします。","59,000",https://jp.mercari.com/item/m84993496082,https://static.mercdn.net/item/detail/orig/photos/m84993496082_1.jpg?1687615401,EasyTiger
103,25日まで! 917) Apple MacBook Pro 13インチ 2019,"917) Apple MacBook Pro Retina 13インチ 2019 Core i5 2.4GHz/RAM 16GB/SSD256GB(138917)

ご覧いただきありがとうございます。
丁寧な対応を心掛けますので、どうぞ宜しくお願い致します。

外観は多少の擦れ・小キズ等がございます品になります。
キーボードは一部に若干のテカリがございます程度です。

初期化済みでOSは最新版のMac OS 13.4 Ventura です。
動作は快調で、現状特に気になる点はございません。正常に使用できます。
動作確認のため下記の情報で初期化後に一度セットアップしております。
到着後、電源を入れればすぐにお使いいただける状態です。

ユーザー名：USER
パスワード：1234

バッテリーは「正常」表示、充放電回数 78回、完全充電時の容量は4943mAhです。
出品掲載時の情報となりますので多少の変更が出る可能性がございます。
バッテリーにつきましては消耗部品となりますので保証対象外とさせていただいております。
予めご了承ください。

出品物は本体と純正61w ACアダプター、ケーブルのみです。
ケーブルは一部に汚れ・変色等がございます。

商品到着後3日間を初期不良期間として対応させて頂きます。
底面に一箇所セキュリティシールを貼っております。剥がした場合は保証対応出来ませんので、動作確認が済むまで剥がさないようにご注意ください。


【商品スペック】
■メーカー：Apple
■商品名：MacBook Pro
■モニター：Retina 13.3 インチ （2560x1600）
■OS：Mac OS 13.4 Ventura
■CPU：Core i5 2.4GHz 
■SSD：フラッシュストレージ 256GB
■メモリ：16GB
■グラフィック：Intel Iris Plus Graphics 655
■キーボード ：日本語（JIS）配列
■カラー：シルバー


＊ご希望があれば下記のOfficeソフトをインストールして出荷させて頂きます。
LibreOffice（リブレオフィス）

Microsoft Office と互換性のあるオフィスソフトです。
Word/Excel/Powerpoint/Accessファイルを互換使用可能です。","59,800",https://jp.mercari.com/item/m43884350738,https://static.mercdn.net/item/detail/orig/photos/m43884350738_1.jpg?1687494668,mainn_1234
104,MacBook Pro 2019 i7/16GB/256GB,"今回の出品にあたり次のオーナー様が気持ち良く使っていただけるようキーボード、バッテリーをAppleにて新品に交換してからの出品なので新品に近い状態でお使いいただけるかと思います。
（交換部に関しては90日保証　5/17に届きました）

こちらはCPUが2コアから4コアへと変わった後のハイパワー・高性能な2019年モデルのMacBook proです。

また、こちらは、
CPU：core i5 1.4GHz→core i7 2.8GHz
メモリ: 8GB→16GB
SSD：128GB→  256GB
USBポート数：2コ→4コ

上記の通りappleにてハイスペックにカスタマイズしてあるモデルですので通常のものよりも更にサクサク動作致します。
テレワークに必須ツールのzoomも勿論使えますのでハイスペックを活かしてテレビ会議しながら作業するなどのマルチタスク業務でも速度低下することなく利用できます。メモリも16GBあるので動画編集やハードなゲーム等も楽しめて幅広い層で使いやすいスペックではないでしょうか。
人気の高いintelチップ搭載のモデルの為持ち運びに便利な13インチでWindowsを使いたい方はおすすめです。

外観に関しましては画像の通り大きな傷や凹みもなく全体的に綺麗な部類かと思いますが中古品の為多少の小傷はあるかと思います。
キーボードはスタイリッシュで人気のUS仕様となっております。
写真をご覧になってご確認下さい。

機種名：macbook  pro retina 2019 13インチ
サイズ ：13インチ
CPU ：quad core i7 2.8GHz
キーボード ：US
メモリ ：16GB
SSD容量 ：256GB
充放電回数：1回（新品）
カラー：スペースグレー
付属品 （おまけ）：純正充電器、充電ケーブル
※箱は付属致しません。
※新品交換の際の書類は個人情報記載のためお渡し致しかねます。","88,700",https://jp.mercari.com/item/m25613731590,https://static.mercdn.net/item/detail/orig/photos/m25613731590_1.jpg?1686655046,じゅうぞう
105,MacBook Pro 13インチ,"標準メモリを8GB→16GBに公式でカスタムしたものです。メモリの増設により、動画編集等も難なくこなせます。

定価　170280円、2020年

付属品　完備
初期化し、発送しますのですぐに使用可能です。

本機の主な使用は以下となります。
・2つのThunderbolt3（USB-C）ポート
・ストレージ：256GB SSD
・グラフィックス（GPU）：Intel Iris Plus Graphics 645
・CPU：1.4GHzクアッドコア第8世代Intel Core i5（Turbo Boost使用時最大3.9GHz）、128MB eDRAM
・標準メモリ：16GB
・無線LAN：IEEE802.11ac/a/b/g/n

目立った傷や汚れはないですが、中古品ですのでご理解ある方のみよろしくお願い致します。
画面とマウスパットには透明の保護シールが貼られています、そのまま発送致します。","86,000",https://jp.mercari.com/item/m31378587808,https://static.mercdn.net/item/detail/orig/photos/m31378587808_1.jpg?1687336676,sunrise
106,MacBook Air 2019 Retina 13インチ 16GB/256GB,"MacBook Proに乗り換えのため出品
使用期間約3年半ほど。レポートまとめやYouTube鑑賞で利用していました。

学生や社会人、どちらが使用するにしても十分なスペックだと思います。

目立つ傷もないので比較的綺麗ですが、あくまで中古品とご理解のうえご購入お願い致します。

※初期化済み
モデル:a1932
OS: Ventura 13.4
プロセッサ:Core i5
メモリ:16GB
ストレージ:256GB
グラボ: Intel UHD Graphics 617 1536 MB
ディスプレイ: 内蔵Retinaディスプレイ13.3インチ（2560 x 1600）
付属品:ACアダプター
-180","50,000",https://jp.mercari.com/item/m51519025357,https://static.mercdn.net/item/detail/orig/photos/m51519025357_1.jpg?1686141410,maririn
107,MacBookPro 2020 13インチ intel i5 スペースグレイ,"製品年式···2020
シリーズ···MacBook Pro
カラー···スペースグレイ
画面サイズ···13インチ
CPU種類··· 1.4GHzクアッドコア第8世代Intel Core i5
メモリ···16GB
SSD容量···256GB
キーボード···JIS配列（バックライト付き）
タッチバー搭載

初期化済

付属品
・外箱（ややへこみ、傷あり）
・電源アダプタ

*充電ケーブルは付属しません。

買い替えのため出品します。
キーボード/タッチバー/ポート等、動作に問題はありません。
中古品ではありますので、ご理解の上ご検討いただきますようお願い申し上げます。","70,000",https://jp.mercari.com/item/m71966967264,https://static.mercdn.net/item/detail/orig/photos/m71966967264_1.jpg?1685228046,エルフィ
108,MacBook pro 2019 メモリ16GB,"シリーズ···MacBook Pro
製品年式···2019
画面サイズ···13インチ
CPU種類···Core i5
OS···Mac OS
メモリ···16GB
SSD容量···256GB

去年に当サイトで新品購入しました。
使わなくなったので出品します。
持ち歩きはしていないので、目立った傷はありません。ただし、細かい傷はあるので神経質な方は購入をお控えください。
バッテリー状態は正常です。
充電回数を載せておりますのでご参照ください。

ケーブルは未使用です。
充電器は使用済みなので細かい傷があります。

値下げ交渉受付中です。
よろしくお願い致します。","70,000",https://jp.mercari.com/item/m18570461914,https://static.mercdn.net/item/detail/orig/photos/m18570461914_1.jpg?1686748459,attu
109,MacBookpro 13インチ 2019 16GB 256GB,"2年間ほど使用。その後違うPCを使っており、
使用しておりません。
目立った傷なし。画面も傷はなく
問題なく使用できます。

本体を初期化し、購入時の箱(正規)に
付属のコードと充電器を入れて発送します。
付属品の不備はないです。

MacBook Pro 2019モデル 13.3インチ

CPU Core i5
メモリ 16GB
SSD 256GB
充電回数 240回

シリーズ···MacBook Pro
製品年式···2019
Mac製品時期···Mid(中期)
画面サイズ···13～14.4インチ
CPU種類···Core i5
OS···Mac OS
メモリ···16〜31GB
SSD容量···256～511GB","60,000",https://jp.mercari.com/item/m78578649627,https://static.mercdn.net/item/detail/orig/photos/m78578649627_1.jpg?1686822423,なべもと
110,Surface pro8 プラチナ　i5/16GB/256GB,"●Surfacepro8 プラチナ(13インチ)
●スリム ペン付き Surface Pro X Signature キーボード - ブラック (英語)
●充電器

本体•キーボード箱付きです

※Officeなし

11世代Intel core i5
メモリ16GB
SSD 256GB
Windows11

目立った汚れや傷はありませんが
中古品と理解していただける方のみでお願いします。

結局MacBookに買い替えたため今回出品しました。


商品入替えを防ぐ為、商品到着後の返品はご遠慮願います。","140,000",https://jp.mercari.com/item/m59212989213,https://static.mercdn.net/item/detail/orig/photos/m59212989213_1.jpg?1683348517,Yumeeee
111,MacBook Pro MID2017 13インチ SSD256GB,"当時新品購入して、YouTube鑑賞や動画編集で使っていました。

model:a1708
OS:Ventura 13.3.1
CPU:Core i5
メモリ:16GB
SSD:256GB
付属品:電源アダプタ

バッテリーが交換推奨となっておりますのでご了承ください。
目立たないような小傷が点々とございます。他動作は特に問題ありませんので、中古品にご理解のある方のみ購入よろしくお願い致します。

#278-50","35,000",https://jp.mercari.com/item/m80405610560,https://static.mercdn.net/item/detail/orig/photos/m80405610560_1.jpg?1684139737,maririn
112,MacBook Pro 2020 16GB 256GB,"ちらの商品をご覧くださりありがとうございます。
ご不明な点があれば申し付け下さい。
返答させて頂きます。

2020年に購入しましたが。
Windowsに慣れていて使用感が苦手なので出品します。
充放電回数141回の為年式の割に
殆ど使っていない事がわかるかと思います。
動作良好で傷はほとんど無く綺麗です。

追加で写真欲しい場合はコメント下さい。

よろしくお願いします

●スペック
機種名：MacBook Pro 2020年モデル
サイズ ：13インチ
CPU ：クアッドコア Intel Core i5 1.4GHz
キーボード ：JISキーボード（日本語）
充放電回数：141回
バッテリー状態:正常
バッテリー最大容量：4717（mAh）
メモリ ：16GB
SSD容量 ：256GB
カラー：スペースグレー
タッチバー
●付属品等々
付属品：説明書、ステッカー、充電器、充電コード、元箱

※初期化並びにアルコール消毒をして発送致します。


製品年式···2020
シリーズ···MacBook Pro
画面サイズ···13～14.4インチ
CPU種類···Corei5
OS···その他
メモリ···16〜31GB
SSD容量···256～511GB






シリーズ···MacBook Pro
製品年式···2022
画面サイズ···13～14.4インチ
CPU種類···Core i5
OS···Mac OS
メモリ···16〜31GB
SSD容量···256～511GB","79,999",https://jp.mercari.com/item/m29946539916,https://static.mercdn.net/item/detail/orig/photos/m29946539916_1.jpg?1686374943,うさぎさん
113,macbook pro 2020 13インチ　i5/16gb/512gb,"非常にキレイな美品になります。

bootcampに対応しておりますので、bootcampを用いてwindowsの導入しダブルOSを考えていらっしゃる方には良い選択肢になるかと思います。

中古品となります。最後までお読みになり、ご了承の上ご購入をお願いいたします。


■スペック

　macbook pro 2020年式　13インチ　シルバー

ディスプレイ
　Retinaディスプレイ
　IPSテクノロジー搭載13.3インチ（対角）LEDバックライト　　　　
　ディスプレイ、2,560 x 1,600ピクセル標準解像度

プロセッサ
　Intel Core5 2.0ghz

ストレージ
　512gb SSD

メモリ
　16GB

充電と拡張性
　4つのThunderbolt 3（USB-C）ポート

■充電回数
　61回（正常）発送迄に少し変動する可能性あり。

■付属品
　純正充電器






キーボード、ディスプレイ、wifi接続、スピーカー、アクティベーションと基本的な動作確認を行い発送させて頂きます。
もし万が一不具合がございましたら、必ず受け取りをされる前にご連絡をお願いいたします。
バッテリーに関しましては、消耗品となりますので、保証は出来かねるところがございます。
（pcの新品、リユース品の出品を行っております。詳しくはプロフィールご参照をお願いいたします。）



MacBook Pro 
2016 2017 2018 2019 2020
13 15 inch
256gb 512gb
m1","91,000",https://jp.mercari.com/item/m99030470838,https://static.mercdn.net/item/detail/orig/photos/m99030470838_1.jpg?1684935144,カマンベール
114,MacBookPro 2019,"シリーズ···MacBook Pro
製品年式···2019
Mac製品時期···Mid(中期)
画面サイズ···13～14.4インチ
CPU種類···Core i5
OS···Mac OS
メモリ···16〜31GB
SSD容量···256～511GB

▶︎MacBook Pro (13-inch, 2019, Two Thunderbolt 3 ports)
▶︎プロセッサ　1.4 GHz クアッドコアIntel Core i5
▶︎メモリ　16 GB 2133 MHz LPDDR3
▶︎グラフィック　Intel Iris Plus Graphics 645 1536 MB
▶︎ディスプレイ　内蔵Retinaディスプレイ　13.3インチ（2560 × 1600）
▶︎ストレージ　500GB
▶︎完全充電時の容量（mAh）:4823
▶︎充放電回数:43

usキーボードです。
本体カバー、充電器あります。
初期化してお渡しをいたします。
すれ傷等、小さな傷がある可能性はありますが、使用回数が非常に少ないため動作に問題ありません。

シリーズ···MacBook Pro
製品年式···2019
画面サイズ···13～14.4インチ
CPU種類···Core i5
OS···Mac OS
メモリ···8～15GB","71,000",https://jp.mercari.com/item/m29441468865,https://static.mercdn.net/item/detail/orig/photos/m29441468865_1.jpg?1685950420,IVY
